STOP_ID,ROUTE_NUM
10460,79
10470,79
10480,79
10490,79
10500,79
11790,14
11800,14
11820,14
11840,14
11860,14
20250,C
20270,C
20530,24
22050,H
22074,H
22075,H
22099,H
48741,165
48750,165
48760,165
49754,132
49755,132
49757,132
49758,132
49760,132
49770,132
49775,132
49780,132
64450,208
64450,271
64451,208
64451,271
64456,208
64456,271
71838,222
71839,222
71840,222
71841,222
71842,222
71843,222
72487,545E
72488,545E
22120,H
23500,67
23520,67
23530,67
23540,67
23561,522E
23561,67
23580,67
49810,132
50787,183
65090,208
65090,271
65092,271
65130,208
67026,212
67026,240
67028,212
67028,240
72492,269
72494,269
73391,B
52636,161
52637,161
52638,161
52639,161
53979,631
67032,212
67032,240
67034,212
68085,B
73407,225
73407,B
73410,B
54000,111
54001,111
54002,111
54003,111
54005,111
54010,111
54015,111
54020,111
54025,111
55681,106
68094,B
68100,B
68130,B
68150,B
68160,B
68900,250
68910,250
68920,249
68920,250
790,545E
800,630
810,545E
810,630
820,545E
820,630
55702,106
55711,106
55729,106
56690,111
56700,111
56710,111
68930,249
68940,249
68950,249
68960,249
68980,249
68990,249
70184,230
70184,231
70184,255
30250,107
30270,107
30290,107
30300,107
30310,107
30320,107
30330,107
30340,36
31765,C
56720,111
56730,111
56741,111
57407,160
57408,914
57409,160
57410,160
70190,230
70190,231
70190,255
70200,230
70200,231
70210,230
70210,231
70220,225
70220,230
70220,231
70230,231
70240,231
70841,271
70843,271
3034,2
3035,2
3036,2
3036,630
3037,13
3037,2
3037,630
3150,193E
3150,2
3151,2
3152,2
3153,2
3154,2
31791,C
31811,128
31811,50
31811,57
31811,773
31818,128
31818,22
31818,50
31830,128
31830,50
57411,914
57413,914
57420,160
57422,160
57854,917
57856,917
57860,160
71848,222
71848,250
71850,250
71852,222
71864,250
71866,226
71868,250
3155,2
3156,2
5492,5
5493,331
5493,333
5502,331N
5502,333
5502,5
5550,345
5550,5
5560,345
5560,5
35660,45
35660,61
57861,184
71870,250
71876,250
72520,250
72521,224
72522,224
72523,224
72524,224
72525,224
72526,224
72527,224
72528,224
72529,224
7200,E
7210,E
35670,45
35670,61
35691,45
35721,45
37150,128
37160,128
37170,128
37180,128
59260,181
59270,181
59272,165
59272,181
59282,165
59282,181
59284,181
59286,181
844,106
844,14
844,36
844,545E
844,630
844,7
8940,7
8940,9E
8970,7
8970,9E
8990,7
8990,9E
9000,106
9000,107
9000,7
9010,106
9010,107
9010,7
9030,7
37200,128
37220,128
37220,50
37350,45
37352,45
37353,45
38890,348
38900,348
38910,348
38920,348
59292,193E
59295,193E
59902,102
59902,153
59902,160
59904,153
59911,566E
59934,160
59936,160
880,256
880,7
880,70
900,256
900,303
900,322
900,70
905,101
905,102
905,150
905,218
905,545EN
10325,70
10325,C
10328,C
10350,70
10370,79
10380,79
11640,10
11680,14
38930,348
38962,348
40093,240
40097,240
59938,102
59938,148
59938,160
60479,162
60479,168
60480,168
60482,162
60482,165
60484,165
60485,168
60486,165
11690,14
11700,14
11720,14
11730,14
11750,14
11770,14
13080,3
13090,3
13190,12
40101,240
40103,240
41430,45
41450,45
41740,107
41740,124
41740,60
60487,165
60489,168
61090,156
61090,161
61090,A
3160,2
3190,2
3200,2
3210,2
3220,2
3230,2
3240,2
5580,345
5580,5
5590,345
5590,5
13200,12
13210,12
13220,12
13230,12
13240,12
13250,12
13260,12
15211,21
15212,21
15230,21
15230,50
41750,107
41750,60
41760,107
41760,60
41780,107
41780,60
41800,107
41800,60
61100,A
61996,182
61997,182
61998,182
61999,182
62002,903
5610,5
5630,5
5640,5
5660,5
5670,5
7350,62
7360,62
16990,345
16990,365
16990,40
17010,345
17010,365
17010,40
17022,345
17022,365
17022,40
17022,61
17024,345
17024,365
17024,40
17024,61
43765,4
43765,8
43770,8
45870,131
45870,132
45880,131
45880,132
45900,131
45900,132
45910,131
45910,132
45920,131
45920,132
62004,903
62005,903
62338,269
62339,269
62341,269
62370,204
62370,630
62380,204
62380,630
7380,62
7382,62
7430,131
7430,132
7430,21
7430,28E
7430,5
7430,E
9050,7
9060,7
9080,7
9090,7
17040,61
17070,45
17080,45
18505,62
18530,62
18540,62
18550,62
45940,131
45940,132
45960,131
45960,132
63680,204
63685,204
63690,204
63714,630
63732,204
63733,204
63735,204
63736,204
63737,204
9110,7
9132,45
9132,75
9132,79
9133,75
9133,79
9134,75
9134,79
10400,79
10410,79
10420,79
10430,79
10445,79
18580,62
18590,62
18600,31
18600,32
18610,31
18610,32
18620,31
18620,32
20170,C
20190,C
20220,C
47320,165
48660,165
48670,165
48680,165
48690,165
48710,165
48720,165
48730,165
48740,165
70120,231
70130,230
70130,231
70140,230
70140,231
70832,245
70835,245
70837,245
71832,222
71833,222
71834,222
71835,222
71836,222
70150,230
70150,231
70150,255
70151,255
70160,230
70160,231
70160,255
70164,230
70164,231
70164,255
70170,230
70170,231
70170,255
70180,230
70180,231
70180,255
70826,245
70828,245
51471,H
57900,160
57901,160
57902,160
57903,160
58481,184
58500,184
58511,184
58512,184
992,101
992,102
992,111N
992,150
992,177N
25840,65
25860,65
25880,65
25890,65
27420,27
27420,60
27420,96N
27430,27
27480,27
35850,48
35860,48
35890,48
35910,48
37450,62
37460,62
37470,62
37480,62
37490,62
58513,184
58514,182
59340,150
59350,150
59353,906
59354,906
59356,906
59357,906
59358,153
59358,906
59359,906
59370,160
59370,906
997,162N
1010,111
1010,177
1040,101
1040,102
1040,111
1040,150
1040,177N
1040,212N
1040,218N
1050,212
1050,218
1050,545E
1889,975N
27500,27
27500,60
27500,96N
27510,27
27520,27
27530,27
27540,27
27560,27
29217,44
29219,44
29220,44
29222,44
37500,62
37510,62
37520,79
37530,79
37540,79
59380,160
59380,906
59974,102
59974,148
59976,102
59976,148
60001,148
60010,102
60010,148
1907,973
3400,36
3410,36
29223,44
29225,44
30538,131
30538,132
30550,131
30550,132
30570,131
30570,132
60526,903
60527,903
60528,903
60529,903
60531,903
60534,182
60537,182
61180,165
61180,A
3420,36
3430,36
3450,36
3470,36
3470,60
5790,5
5810,5
30590,131
30590,132
30600,131
30600,132
32100,60
40801,113
40802,113
40804,113
41902,43
41902,630
41902,9E
41904,43
41904,96N
41904,9E
41908,43
41908,96N
41908,9E
41930,60
41940,303
41940,322
41940,60
41950,303
41950,322
41950,60
61190,A
61201,A
61220,A
61230,A
61240,A
61243,A
5830,5
5840,5
5860,5
5875,5
5880,5
32120,132
32120,60
32120,987E
32140,132
32140,60
32150,60
41955,193E
41955,303
41955,322
41965,43
41965,60
41965,9E
41970,43
41970,60
41970,96N
41970,9E
62079,168
62081,168
62083,168
62085,168
62089,168
62094,168
7630,E
7670,E
9150,70
9190,70
35940,48
35960,50
46025,124
46025,60
46040,107
46061,107
46080,107
63814,930
63820,269
9220,70
10564,75
10566,75
10568,75
10580,75
10580,79
35979,50
35990,50
37550,79
37560,79
37570,79
37571,79
37600,79
46092,36
46101,36
47403,156
47403,635
47404,156
47404,635
47405,156
47405,635
47406,156
47406,635
47407,156
47407,635
47410,165
47410,635
64480,208
10600,75
10600,79
10620,62
10620,75
10630,62
10630,75
12030,14
12040,14
12050,14
12070,14
12080,14
12090,14
12110,14
39230,348
39240,348
39250,348
39260,348
39270,348
39290,348
39310,348
39320,348
39332,348
47412,156
47412,635
47413,156
47413,635
48920,156
48920,165
12130,14
12140,14
13380,12
13381,12
13390,3
13410,3
13420,3
13430,3
13441,11
13441,3
40806,113
40807,113
40811,128
40812,128
40813,128
41980,43
41980,60
41980,96N
41980,9E
48925,156
48925,165
49940,132
49950,132
49960,132
49970,132
49980,132
50010,132
67160,226
67170,226
67180,226
67190,226
67200,226
67210,226
67220,226
67230,226
67240,226
13460,11
13460,3
15480,56
15480,57
15500,56
15500,57
15521,56
15521,57
15532,56
15532,57
15540,50
15540,56
15540,57
15540,775
41981,193E
41982,43
41982,60
41982,9E
41986,43
41986,96N
41986,9E
41987,43
41987,9E
41988,96N
41989,43
41989,9E
41990,193E
41990,60
42000,193E
42000,60
42010,60
44968,111
51301,631
51310,631
51330,631
51350,631
51360,631
51370,631
51380,631
51390,631
51400,631
52800,A
15570,50
15570,56
15570,57
15570,775
17410,44
17410,62
17420,62
17440,62
44969,111
44970,111
44972,111
44974,111
44976,111
44977,111
44978,111
44980,111
46110,36
46130,50
54090,111
54095,111
54100,111
54105,111
18760,17E
18760,44
18770,17E
46150,50
46165,50
46221,107
47415,156
47415,635
47416,165
47417,156
47417,635
54110,111
54115,111
54120,111
54125,111
54130,111
54135,111
54140,111
54145,111
55802,106
55812,106
70314,231
70314,239
70315,231
70315,239
70317,231
70317,239
70318,231
70318,239
70319,231
70319,239
70320,230
70320,231
70320,255
70330,230
70330,231
70330,255
70330,893N
70340,255
70350,255
20829,13
20829,2
20829,24
20829,33
20829,8
22242,125
47419,156
47420,165
47430,165
47440,165
47450,165
47451,165
47460,165
48930,156
48930,165
48948,A
48949,A
55831,106
55851,106
55860,599
56820,111
56825,111
56830,111
56835,111
56840,111
56845,111
70370,255
22244,125
22244,128
22252,128
22252,60
22253,128
22253,60
22255,113
23820,75
23831,75
48950,165
48960,165
48972,156
48974,156
50020,132
50030,132
50050,132
56850,111
56855,111
56860,111
56865,111
56870,111
56871,111
57437,165
57438,165
57440,165
71960,223
71960,224
71960,542E
71961,223
71961,250
71961,930
71961,B
71970,222
71970,223
71970,250
71971,222
71971,223
71971,250
23872,75
23890,372E
23895,372E
25797,372E
25798,372E
25798,982EN
25798,986EN
25798,987EN
25798,988EN
25798,989EN
50060,132
50061,132
50062,132
50063,132
50064,132
51403,H
51410,631
51459,H
57445,165
57446,150
57447,165
57448,165
57892,566E
57899,160
72560,250
72580,250
61140,A
61150,A
61170,A
62006,903
62008,903
5765,5
5770,5
5771,5
7498,62
7500,62
7520,62
11870,14
11880,14
11890,14
11890,8
13262,2
13264,60
13266,60
13270,12
41805,107
41805,60
41819,107
41819,60
41830,107
41830,60
41850,107
41850,60
41870,107
41870,60
41880,107
41880,60
41890,107
41900,60
41900,9E
7530,62
9135,48
9138,49
9138,70
9140,49
9140,70
9142,75
9142,79
9144,255
9147,67
15380,21
15380,50
43778,8
43782,8
43784,8
43788,8
43788,988EN
43792,8
63741,204
63742,204
63743,204
63744,204
10510,65
10510,79
10513,65
10515,65
10525,65
10525,79
10550,79
10560,79
10561,75
10562,75
11910,14
11920,14
15395,21
15395,50
17081,45
17170,62
17180,62
46022,124
46022,60
63811,269
63812,930
64464,203
64464,269
64465,203
64465,269
64466,203
64466,269
64467,203
64467,269
64468,203
64468,269
64470,208
11940,14
11960,14
11980,14
11990,14
12010,14
12010,8
13291,60
18630,31
18630,32
18640,31
18640,32
18650,31
18650,32
18660,31
18660,32
18670,31
18670,32
18680,31
47330,165
47340,165
47360,165
47369,635
47370,165
47370,635
47390,165
47390,635
47400,165
47400,635
48770,165
48780,165
48790,165
48790,635
48800,165
48800,635
65150,218
65150,554E
65150,556E
65158,203
65159,203
65252,240
23800,75
25754,255
25754,271
25754,542E
25754,556E
25755,255
25755,542E
25755,556E
25755,982EN
25755,986EN
25755,988EN
25765,65
25790,65
25790,75
25791,372E
25791,988EN
25792,372E
25793,372E
20540,24
20550,24
20560,24
20570,24
20580,24
20590,24
20600,24
20610,24
20620,24
20630,24
20640,24
20650,24
48810,165
48810,635
48820,165
48840,165
48860,165
48870,165
48880,165
49820,132
49840,132
49860,128
49860,132
65140,208
67100,226
67110,226
67130,226
27395,27
29213,44
29215,44
22152,H
22158,H
22160,128
22165,22
22165,H
22170,128
22174,22
22174,H
49870,128
49870,132
49880,128
49880,132
49900,128
49900,132
49910,128
49910,132
49920,128
49920,132
49930,132
67140,226
67150,226
68180,223
68180,B
17250,62
17260,62
17280,62
17300,62
17310,44
17310,62
18696,40
18720,40
23600,67
23610,67
52710,156
52720,156
69010,249
69015,226
69015,250
69021,250
69026,226
69026,250
69028,226
69028,250
30453,50
30460,50
30480,50
30489,50
30490,50
30510,107
30510,50
30510,60
30520,50
30530,50
31950,128
31950,50
25751,43
25751,48
25753,255
25753,271
25753,542E
25753,556E
27175,27
27180,27
27190,27
54030,111
54035,111
54045,111
54050,111
54055,111
54060,111
54065,111
54070,111
70250,231
70260,231
70270,231
70280,231
70290,231
70310,231
70310,256
70311,231
70311,239
70312,231
70312,239
70313,231
70313,239
35821,48
35825,43
35825,48
27200,27
27210,27
27230,27
27240,27
27260,27
27270,27
29091,31
29091,32
29100,31
29100,32
54075,111
54080,111
54085,111
55735,106
55771,106
55778,599
55780,106
55790,106
71880,250
71890,250
18740,17E
18740,40
18740,44
20670,31
20680,31
29110,31
29110,32
29130,31
29130,32
29130,45
29130,67
30360,36
30380,36
30390,36
30410,36
56790,105
56790,111
56792,105
56792,111
56795,111
56800,111
56805,111
56810,111
71910,250
71951,545E
71954,545E
72530,224
72531,224
72532,224
31970,128
31970,50
31990,128
31990,50
32010,128
32010,50
32011,128
32011,50
32013,57
32030,C
30430,36
30440,36
31850,128
31850,50
31871,128
31871,50
31890,128
31890,50
56815,111
57429,165
57430,160
57434,165
57436,165
72533,224
72534,224
72540,250
72545,224
72546,224
72550,250
72552,250
13310,12
13320,12
13330,12
13340,12
13350,12
13360,12
13370,12
31900,128
31900,50
31910,128
31910,50
31920,128
31920,50
31930,128
31930,50
31940,128
31940,50
940,101
940,102
940,150
940,218
940,256
940,545E
940,70N
20700,24
20700,31
20700,33
20710,24
20710,33
20720,24
20720,33
20730,24
20730,33
22180,128
22184,125
22184,22
22184,60
22184,H
22190,125
22190,128
22196,H
22200,125
22200,128
35770,45
35790,45
35800,48
950,101
950,102
950,150
950,218
950,256
950,545E
950,70N
970,101
970,102
970,150
970,218
970,256
25794,372E
25795,372E
25795,988EN
27290,27
27300,27
27310,27
27320,27
27335,27
27335,8
27350,27
27360,27
27370,27
27380,27
35820,48
37359,45
37359,62
37360,62
37381,62
37400,62
37400,988EN
37410,62
37420,62
59310,F
59312,128
59312,150
59312,156
59312,906
59314,F
59316,128
59316,150
59320,150
59330,150
59944,160
3250,2
3250,988E
3271,2
3280,2
3293,2
3300,2
15451,21
15460,21
17209,62
17230,62
37430,62
37440,62
59945,160
59946,160
59947,160
59948,160
59949,160
59950,102
59950,148
59951,160
59960,102
59960,148
59971,102
59971,148
60490,168
60491,168
60494,168
3310,2
3320,2
3330,2
3380,36
5690,5
5710,5
5730,5
5740,5
22210,125
22210,128
22220,125
22220,128
22230,125
22230,128
23750,322
23750,348
23750,61
23750,67
23750,75
23770,322
23770,348
23770,61
23770,67
23770,75
23785,75
40125,240
60498,903
60499,903
60500,903
60505,903
60510,903
60515,903
60520,903
61110,A
61120,A
2208,627
2209,627
2220,124
2220,13N
2220,14
2220,1N
2220,2
2220,24N
2220,27
2220,33N
2220,4
2220,DN
3700,36
3700,60
3710,36
3710,60
10800,75
12280,11
12290,11
12310,11
12340,11
12340,8
12353,12
42130,107
42130,60
42140,107
42140,60
60151,102
60152,102
60568,903
60569,182
60571,903
60573,182
60574,903
60575,182
60576,182
60577,903
60578,182
60579,903
64554,208
64554,271
64555,554E
64557,208
64557,271
64559,208
64559,271
13585,40
13600,D
13620,D
13640,D
13660,D
13670,D
45080,105
45090,105
45101,240
45110,105
45110,240
45120,105
45120,240
62139,168
65300,226
16100,303
16100,331
16100,E
16101,346
16103,303
16103,331
16103,E
45130,105
45130,240
45140,105
45140,240
45145,111
45145,240
46294,107
46330,107
46331,107
46350,107
62142,168
62144,168
62151,168
67470,223
68360,226
68360,245
68370,222
68370,226
68372,222
68372,226
68390,226
68390,245
68390,B
68391,245
17640,45
17650,45
17651,61
17680,61
18890,17E
18900,17E
46365,107
46380,107
46390,107
47590,165
47600,165
47610,165
47620,165
47630,165
47646,161
47646,165
47646,F
64065,204
64065,550E
64065,554E
64065,630
64065,989EN
68394,223
69320,249
18910,17E
18920,17E
18930,17E
18940,17E
18941,17E
18942,17E
18990,773
19000,773
19010,773
19020,773N
20980,24
20990,24
21000,24
49050,156
49060,156
49070,156
49080,156
49100,156
49110,156
64561,218
64561,554E
64561,556E
69340,249
69350,249
70510,230
70510,231
70510,255
70515,893
70516,893
21010,24
21020,24
21030,24
21040,24
21050,24
21080,113
21080,128
21080,60
21090,113
21090,128
21090,60
22320,21E
22320,22
22330,21E
22330,22
22340,21E
22340,22
49120,156
49133,156
50125,161
50125,165
50130,161
50130,F
50140,161
50140,F
50145,161
50145,F
64566,203
64566,554E
64566,556E
64568,208
64568,271
64569,208
64569,271
64572,208
64572,271
65305,223
65305,226
65305,245
65305,271
71148,222
71149,222
71150,222
71150,895EN
71159,222
71160,222
71160,895EN
71162,222
22360,21E
22360,22
22370,21E
22370,22
22380,21E
22380,22
22390,21E
22390,22
22400,21E
22400,22
22410,21E
22410,22
22420,21E
22420,22
24280,24
24290,24
24300,24
24310,24
24320,24
24321,24
51600,H
51615,H
51651,H
67500,B
67510,B
67520,B
67540,B
72040,225
72040,245
72050,225
72050,245
72060,245
72060,895E
72080,245
72100,245
72120,245
24330,24
24340,24
24350,24
24360,24
24360,33
24370,24
24370,33
24380,24
26020,65
26030,65
26050,65
26060,65
26080,65
53070,124
53072,124
67570,B
67580,B
68398,245
68398,B
68400,245
68402,222
68402,245
68403,895E
68404,895E
72880,223
72880,226
72880,245
72880,271
104,G
26100,65
26110,65
27700,27
27720,27
27730,27
27745,27
54810,111
54820,111
54830,111
54841,111
54842,105
54843,105
54860,111
54870,111
54880,111
55940,987E
68406,245
68407,895E
69370,249
69380,249
69390,249
69400,249
69402,249
69420,250
105,G
106,G
107,12
107,G
108,G
109,11
109,8
109,G
111,11
111,8
111,988EN
111,G
120,11
120,8
120,988EN
120,G
121,G
122,G
29243,44
29244,43
29244,48
29244,988EN
29247,255
29247,271
29247,43
29247,48
29247,542E
29247,556E
29248,43
29248,48
29249,43
29249,48
29251,43
29251,48
29251,988EN
55942,153
55942,F
55943,102
55944,102
55945,102
55945,906
55946,102
55946,906
55947,102
55947,906
55948,148
55949,599
69430,250
69440,250
70521,893
70522,893
70528,893
70529,893
70533,893
70534,893
70536,893
70537,893
1108,599
1108,600
1110,10
1110,11
1110,12
1110,3
1110,49
1120,10
1120,11
1120,12
1120,162N
1120,49
1121,599
1121,600
2120,1
2130,1
2140,1
2150,1
29253,43
29253,48
29254,43
29254,48
29254,988EN
30770,50
30790,107
30790,50
30790,60
30800,107
30800,50
30800,60
30820,50
57110,165
57111,165
57112,165
57113,165
57117,165
57118,165
57119,165
57120,165
57120,914
57478,150
71163,222
71164,222
71165,222
71170,895E
71180,895E
71190,895E
2180,1
2180,13
2180,2
2180,32
2180,8
2200,1
2200,13
2200,2
2200,8
2200,D
2201,627
3515,36
3515,60
3530,36
3530,60
3541,36
3541,60
30855,36
32215,124
57479,150
57480,165
57481,566E
57481,914
57482,914
58043,161
58050,161
58051,161
58060,161
58061,161
72134,245
72140,245
72155,255
72156,255
72156,986E
72161,245
72161,255
72163,245
72163,255
72164,245
72164,255
3550,36
3550,60
3570,36
3570,60
3580,36
3580,60
3589,36
3589,60
3600,1
3600,106
3600,14N
3600,36
3600,7
6030,5
6040,5
6050,28E
6050,5
58074,150
58075,150
58077,161
58078,161
58079,161
58080,161
58778,165
58780,915
58781,162
58781,183
58782,162
58782,193E
123,12
123,G
124,G
125,G
6060,5
6070,28E
6070,5
6070,E
6071,773N
6071,775
6072,773
6072,775
6080,5
7790,E
7810,E
7850,E
36140,125
36145,125
36155,125
36170,125
36170,128
36180,125
36180,128
36190,125
36190,128
37770,79
58785,162
58785,183
59554,102
59555,102
59555,906
59560,148
126,G
127,G
128,G
129,G
7880,E
7900,E
9480,70
37780,79
37790,79
37800,79
37810,79
37820,79
37830,79
37840,79
37841,62
37846,62
37846,79
37849,62
37849,79
39429,22
39431,H
59561,102
59561,906
59562,102
59562,906
59563,102
59563,906
59564,102
59564,906
60142,906
60144,906
60146,906
60147,906
60148,906
60150,148
1180,10
1180,11
1180,12
1180,3
1180,49
1190,10
1190,11
1190,12
1190,3
1190,49
1190,550E
2206,627
2207,627
9510,70
10700,75
10710,75
10720,75
10730,75
10750,75
10760,75
10780,75
39438,22
39439,22
39440,22
39441,22
39442,22
39443,22
20880,24
20880,33
20890,24
20890,31
20910,31
20940,24
20950,24
20960,24
20970,24
22256,113
22256,H
48980,156
48990,156
49011,156
49012,156
50065,132
54146,105
54147,105
54148,105
54150,105
54150,111
54152,105
54152,111
54155,105
54201,F
54202,F
70390,255
70410,255
70420,255
22259,H
22260,21
22260,22
22260,C
22261,21
22261,22
22264,21E
22264,22
22280,21E
22280,22
22290,21E
22290,22
22300,21E
22300,22
23905,372E
23910,372E
50075,128
51520,H
55875,987E
55926,F
56872,111
70440,255
70460,255
70480,255
70490,230
70490,231
70490,255
70490,893N
70500,230
70500,231
70500,255
70500,893N
71140,222
71140,895EN
71142,222
23915,372E
23920,372E
23920,988EN
23925,372E
24250,24
24250,31
24260,24
24270,24
25900,65
25920,65
25940,65
51551,H
51552,H
51581,H
53050,183
53054,183
53056,183
53058,183
56874,111
56875,111
56876,111
56877,111
56878,111
56879,111
56880,111
56881,111
56882,111
56883,111
57450,165
57451,160
71143,222
71144,222
71147,222
71981,223
71985,223
71990,223
72005,223
25960,65
25980,65
26000,65
26010,65
27570,27
27570,8
27590,27
27590,8
27600,27
27610,27
27620,27
54203,F
54204,F
54205,F
54206,128
54206,F
54760,111
57452,153
57452,161
57452,165
57452,168
57452,183
57453,160
57453,161
57453,168
57453,183
57453,566E
57454,162
57455,150
57458,150
57458,162
57459,153
57459,165
57459,183
57459,566E
57460,165
57461,150
57904,160
57910,160
57912,160
72015,225
72015,245
72030,225
72030,245
72869,271
27630,27
27640,27
27660,27
27670,27
27690,27
29231,44
29231,62
29232,44
29232,62
29234,44
29236,44
60100,148
60120,148
60130,148
60136,102
60137,102
60140,148
57915,160
57920,160
57930,160
57940,160
57950,160
57960,160
57962,160
58536,915
58537,915
72871,271
100,G
101,G
29238,43
29238,48
29240,255
29240,271
29240,43
29240,44
29240,48
29240,542E
29240,556E
29240,65
29242,44N
29242,65
30635,101
30635,102
30635,124N
30635,131N
30635,132N
30635,150
30635,177
30635,21N
30635,24
30635,28E
30635,33
30635,5
30670,131
30670,132
30690,131
30690,132
30700,131
30700,132
61335,182
61335,903
61336,182
61336,903
61338,182
61338,903
61340,182
61342,182
62116,168
62117,168
58538,915
58539,915
58540,915
58550,915
58560,915
58570,915
58580,915
59390,160
59390,906
59400,160
59400,906
59410,906
59420,906
59430,906
102,2
102,G
103,G
1070,545E
1073,545E
1085,10
1085,11
1085,12
1085,3
1085,49
30720,131
30720,132
30748,131
30748,132
32160,60
32165,124
32180,124
32182,124
57090,165
57100,165
57462,150
57470,165
59441,906
59442,906
59443,906
59444,906
60020,102
60020,148
60022,102
60022,148
60026,102
60026,148
1920,554E
2010,1
2020,1
2030,1
2050,1
2060,1
2070,1
2080,1
2090,1
2100,1
2110,1
32192,124
32200,124
32210,124
33220,50
33220,C
33221,50
33221,773
62133,168
3484,36
3484,60
3500,36
3500,60
5900,5
5910,5
36090,125
36100,125
36110,125
64545,203
64545,269
64548,208
64548,271
64549,218
64549,554E
64549,556E
61270,A
61280,A
61300,901
61300,A
61310,A
61313,A
5930,5
5940,5
5960,5
5980,5
6000,5
6020,5
7690,E
36120,125
37748,79
37749,79
37750,79
57990,160
58000,160
58010,160
58020,160
58028,906
58028,F
58040,161
61330,181
61330,187
62096,168
62097,168
62100,168
62102,168
62104,168
62106,168
62108,168
62112,168
7710,E
7730,E
7750,E
7770,E
37760,79
39334,348
39336,348
39340,348
39341,348
39350,65
39420,22
39428,22
62114,168
10640,62
10641,62
10641,75
10650,62
10650,75
10653,62
10654,62
40823,128
40825,128
40826,128
40828,128
54770,111
54780,111
54790,111
54800,111
55927,F
55928,153
55928,F
55929,153
64048,630
10657,62
10658,62
10680,75
12160,14
12170,14
12190,14
12200,14
12210,11
12220,11
42048,107
42048,60
42050,107
42050,60
42070,107
42070,60
42080,107
42080,60
42091,107
42091,60
42105,107
42105,60
42120,107
42120,60
45010,111
58600,128
58610,128
58650,915
58730,915
58740,915
58750,915
58752,915
58754,915
58760,915
58777,165
64490,208
64502,554E
64512,208
64540,208
64540,271
12230,11
12240,11
12250,11
12260,11
12270,11
13480,3
13500,3
13510,3
45020,111
45021,111
45022,111
45023,111
45024,111
45070,105
60557,903
60566,182
60567,182
61332,181
61332,187
65287,240
15580,50
15580,56
15580,57
15580,775
15588,50
15588,56
15588,775
15610,50
15610,56
15610,775
15630,50
15630,56
15630,775
46233,107
46234,107
46235,107
47470,165
47480,165
47490,165
55938,101
55938,102
55938,148
55938,160
55939,101
55939,148
55939,153
57000,914
57010,914
57020,914
57050,914
57060,914
57070,165
67280,226
67290,226
67300,226
67320,226
15650,50
15650,56
15650,775
15651,50
15651,56
15651,775
15652,50
15652,56
15652,775
17460,62
17470,62
17490,62
17510,62
17530,62
47510,165
47520,165
47530,165
47540,165
47550,165
47570,165
47580,165
48978,156
59460,102
59460,148
59480,102
59480,148
59490,102
59490,148
59500,102
59500,148
59510,102
59510,148
59520,102
59540,102
59550,102
59552,102
59552,148
59552,906
68348,250
68349,250
68353,226
68353,250
68354,250
68355,250
18785,44
18790,17E
18800,17E
18810,17E
18820,17E
18830,17E
18840,17E
18850,17E
18860,17E
18870,17E
18880,17E
45301,101
45303,101
45303,907
46510,240
46520,240
46520,566E
46530,240
46530,566E
46541,240
46541,566E
46541,F
46550,240
46560,240
54990,105
54990,907
55000,106
55010,106
55020,106
55030,106
55031,914
68474,245
69530,225
69540,225
69550,225
69559,225
69560,225
17890,365
17900,365
17950,17E
17951,17E
17952,17E
17960,17E
17970,17E
17980,17E
19300,40
19320,40
28030,28E
28040,28E
28060,28E
28080,28E
29270,11
29270,43
29270,8
55040,106
55050,106
55060,106
55062,106
55064,106
55064,107
55991,106
56000,106
56021,106
56031,106
56039,599
70595,893
70596,271
70597,893
70600,249
70608,271
71310,222
71310,226
19340,40
19360,40
19380,24
19380,33
19390,24
19390,33
19410,17E
19410,24
19410,33
21320,60
21350,125
21350,128
21360,125
21360,128
29273,11
29273,43
29273,8
29274,11
29274,43
29274,8
29275,11
29275,43
29275,8
29276,11
29276,43
29276,8
29277,11
29277,43
29277,8
29278,43
29278,48
29278,988EN
29280,43
29280,48
29280,988EN
30981,107
56041,106
57140,160
57141,165
57141,914
57142,165
57144,165
71320,222
71322,222
71323,222
71323,223
71325,225
71325,B
71326,222
71326,223
71327,225
71328,895EN
71329,225
71329,B
72271,224
21361,125
21361,128
21370,125
21370,128
21380,125
21380,128
21390,125
21390,128
21400,125
21400,128
21410,125
21410,128
22630,21
22630,21E
22640,21
22640,21E
22650,21
22650,21E
22660,21
22660,21E
22680,21
22680,21E
31010,107
31030,107
31050,107
31060,107
31070,107
31090,107
57530,165
57534,165
57534,181
57535,165
57535,181
57536,165
57536,181
57560,111
57562,111
57563,111
72272,224
72273,224
72274,224
72275,224
72276,224
72277,224
72278,224
72279,224
72980,271
72983,223
72983,226
72983,245
72983,271
22700,21
22700,21E
22710,21
22710,21E
22730,21
24630,24
24640,24
24650,24
24660,24
24670,24
24680,24
24680,33
24690,24
24700,24
24710,24
34730,50
34740,50
34750,50
34760,50
57564,111
58094,906
58095,906
58096,906
58098,906
58099,906
58101,906
58102,150
58102,F
58104,150
58104,F
58109,156
58109,906
72984,223
72984,226
72984,245
72984,271
260,113
260,162
260,177
24720,24
24740,24
26369,31
26369,32
26370,31
26370,32
26381,31
26381,32
26400,31
26400,32
26410,31
26410,32
34770,50
34780,50
34800,50
34820,50
36360,128
36370,128
36380,128
58855,915
58856,915
58858,915
58860,915
58862,915
58864,915
58865,915
58870,915
58872,915
58880,915
58882,915
59590,148
280,111
280,212
280,218
280,256N
280,554E
300,101
300,102
300,113
300,150
300,162
300,177
320,111
320,212
320,218
320,256N
320,550E
320,554E
1250,13
1250,2
1260,13
1260,2
1260,630
26430,31
26430,32
28100,28E
28120,28E
28130,28E
28140,28E
28160,28E
28180,28E
36390,22
36400,128
36410,128
36420,128
37970,62
37980,62
37990,62
38000,62
38020,62
38022,45
59600,148
59602,102
59602,906
59603,102
59603,906
59604,102
59604,906
59605,102
59606,102
59610,148
59612,102
59613,102
59614,102
59615,102
60165,102
60166,102
1340,27
2275,8
2285,8
2291,8
28210,28E
29300,43
29300,48
29301,11
29301,43
29301,8
29320,43
29320,48
29320,988EN
29340,43
29340,48
29350,43
29350,48
29361,43
29361,48
29361,988EN
29380,43
29380,48
38024,45
39458,57
39459,57
39460,57
39461,57
39462,57
39463,57
39464,57
39465,57
39466,57
60167,102
60168,102
60172,102
60173,102
60174,102
60175,102
60177,102
60177,906
60605,903
60620,182
2300,8
2320,1
2330,1
2330,13
2330,2
2330,8
2330,D
3881,36
3883,36
3910,13
3910,4
3920,13
3920,4
31111,107
31130,107
31131,107
31132,106
31132,107
31134,106
31134,107
31134,987EN
31134,9E
39467,57
39468,57
40876,124
40876,60
40880,124
40881,124
40882,124
40885,124
40890,124
40892,124
60632,182
60634,182
60634,903
60636,182
60636,903
60637,182
60637,903
61425,182
61426,187
61427,182
61428,182
3930,4
3940,4
3950,4
3960,4
6290,5
6300,28E
6300,5
6300,E
6310,5
6320,28E
6320,5
6320,E
6330,5
6340,28E
6340,5
34840,50
40894,124
42351,182
61429,182
61430,187
61431,182
61433,182
61435,187
61437,187
61437,903
61441,182
62173,165
62175,165
6360,5
6380,5
8140,7
8140,9E
8160,7
8160,9E
8175,7
8175,9E
8190,7
8190,9E
8210,7
8210,9E
34860,50
34880,50
34880,987EN
34910,50
36440,128
36450,128
45219,240
45219,566E
45230,240
45240,240
46468,101
46468,148
46468,153
62177,914
62178,914
62180,914
62184,914
62186,914
62187,165
62187,914
8231,7
9612,31
9612,32
9630,31
9630,32
9630,67
9650,372E
9650,48N
9650,67
9670,65
9670,75
36470,128
36472,128
36480,128
36490,125
36490,128
36500,125
36500,128
36510,125
36510,128
36520,125
36520,128
36522,125
36522,128
36525,125
36525,128
46472,101
46472,148
46472,153
46472,907N
46474,105
46474,240
46474,907
46476,566E
46477,107
46477,148
46477,F
46478,240
46478,F
46479,107
46479,148
46479,240
46479,566E
46480,240
46490,240
46500,240
46504,F
46505,F
47770,131
47780,131
64174,203
64175,203
64265,629
9680,65
9680,75
10990,49
11010,49
11011,9E
11012,9E
11025,630
11030,49
11030,9E
11033,630
11035,630
11040,49
11040,60
11040,9E
38050,65
38060,65
38080,65
38090,65
38100,65
38110,65
39469,57
39470,57
39471,57
39472,57
39473,57
47790,131
47809,131
47820,131
47840,131
47850,131
64270,629
64275,629
64285,629
64585,203
64585,208
64585,271
64585,556E
64586,208
64586,271
64588,271
64589,271
64590,554E
64590,556E
64591,271
64592,269
64593,203
64593,208
12410,11
12420,11
12430,11
12440,11
12450,11
12460,11
12470,11
12479,4
12479,8
12480,11
13890,17E
13890,24
13890,32
13890,33
13890,D
39475,57
39476,57
39477,57
39479,57
39480,57
39490,57
40896,124
40898,124
40900,124
40999,124
41000,124
41010,124
41020,124
49290,161
49290,F
49301,161
49301,F
50330,156
50340,156
50350,156
50360,156
64594,271
64598,271
64600,271
65335,271
65400,240
65402,226
65420,240
65432,240
13910,32
13910,D
16280,346
16290,346
41030,124
41040,124
41060,124
42358,181
42370,181
50370,156
50380,156
50390,156
51800,131
51810,131
51820,131
51830,131
51834,131
65460,240
67636,550E
67640,550E
67640,556E
67650,550E
67650,556E
67652,550E
16300,346
16327,333
16327,365
16329,333
16329,365
16330,333
16330,365
16330,989EN
16331,333
16331,365
17860,365
17870,365
17880,365
42380,181
42390,181
42400,181
45260,240
45270,240
45280,105
45280,240
45280,907
45285,101
45285,148
45285,153
45288,101
45288,148
45288,153
51870,131
51870,132
67655,271
67655,556E
67655,981EN
68435,245
68438,245
68438,B
68440,223
68440,245
68460,223
68460,245
68462,245
68463,245
68470,223
68470,245
68471,245
68472,245
68473,245
58081,161
58082,161
58083,161
58084,161
58085,150
58086,150
58087,150
58088,150
58088,906
58090,906
58092,906
58790,915
58795,162
72960,271
72970,271
250,111
250,113
250,162
250,177
250,212
3735,36
3735,60
3760,36
3760,60
3770,36
3770,60
3778,36
3778,60
6100,28E
6100,5
6100,E
6120,5
32371,128
32371,775
34640,50
34640,987EN
34650,50
34680,50
34690,50
58796,165
58810,915
58811,915
58812,915
58820,915
58830,915
58840,915
58845,915
59565,102
59565,906
59566,102
59566,906
59567,102
59567,906
1195,10
1195,11
1195,12
1195,3
1195,49
1215,550E
1230,550E
6176,28E
6176,5
6176,E
7912,E
7950,7
7960,7
34700,50
36300,H
36320,128
59568,102
59568,906
59569,102
59569,906
59570,148
59580,148
60153,102
60154,102
60155,102
60156,102
2244,1
2244,13
2244,17E
2244,2
2244,24
2244,33
2244,8
2245,8
2249,8
2250,8
2255,8
2260,8
2262,8
7970,7
7980,7
8000,7
8010,7
9550,70
9575,255
9575,65
9580,49
9580,70
9580,79
36330,128
37850,62
37850,79
37860,62
37860,79
37870,62
37870,79
37880,62
37890,62
37900,62
37910,62
37920,62
37930,62
37940,62
60157,102
60158,102
60159,906
60161,148
60161,906
60162,102
60163,102
60164,102
60580,182
60581,903
60582,903
60583,903
60584,903
2264,8
3800,36
3800,60
3810,107
3810,36
3810,60
3830,36
3860,36
3870,36
3880,36
9581,45
9581,79
9582,45
9582,79
10820,75
10830,75
10840,75
10860,65
10860,75
10870,65
10870,75
37950,62
39445,22
39446,22
39447,22
39448,22
39450,22
39451,22
39452,22
39453,22
39454,22
39455,22
39456,22
60585,903
61378,187
61380,187
61390,187
61400,187
61410,187
16230,346
16240,346
16250,346
16260,346
16270,346
17755,40
17760,345
17760,365
17780,345
17780,365
17800,345
17800,365
10910,372E
10910,48
10911,31
10911,32
10911,372E
10911,43
10911,44
10911,48
10911,49
10911,70
40871,124
40871,60
40873,124
40873,60
61420,187
61421,182
61422,187
61423,182
61424,187
62157,168
62159,168
19260,40
19270,40
19280,40
21250,113
21250,H
21280,113
21280,H
21290,113
21292,128
21295,128
13700,D
13721,D
13760,17E
13760,D
13770,D
13775,31
42200,183
42210,183
42240,183
42250,183
9587,372E
9587,44
9587,49
9587,70
9589,67
9605,31
9605,32
9605,65
9605,67
9610,31
9610,32
9610,65
10912,271
10912,372E
10912,43
10912,44
10912,48
10912,49
10912,542E
10912,556E
10912,70
10914,271
10914,372E
10914,43
10914,44
10914,48
10914,49
10914,542E
10914,556E
10914,70
10915,49
13800,32
13800,D
16140,331
45170,111
45175,240
45180,240
45190,240
45191,240
45191,566E
46410,107
46420,106
64140,204
64140,550E
64140,554E
64140,630
64140,981E
64140,989E
64143,204
64145,630
21310,60
22550,21E
22553,21
22553,C
22557,21
22557,C
22560,21
22560,21E
22560,C
22570,21
22570,21E
22580,21
22580,21E
22590,21
22590,21E
22600,21
22600,21E
17694,345
17694,365
17695,345
17695,365
17697,345
17697,365
17697,40
17697,61
17698,345
17698,365
17698,40
17698,61
17710,345
17710,365
17710,40
17730,345
17730,365
17730,40
17740,345
17740,365
17740,40
46430,106
46440,101
46440,106
46440,107N
46440,160
46440,F
46450,101
46450,106
46450,107
46450,160
46463,107
46464,106
46465,160
46466,101
46466,148
46466,153
47660,H
64170,203
64171,203
64579,271
64582,208
64582,271
64583,271
64584,271
19060,773
19070,773
21104,128
21104,131
21110,113
21110,60
47719,H
47740,131
47740,132
47750,131
47760,131
49150,156
49160,156
49169,156
65320,271
65322,226
65322,240
65323,271
65325,223
65325,226
65325,245
65325,271
65328,271
65329,271
10916,49
10917,255
10917,271
10917,43
10917,44
10917,48
10917,542E
10917,556E
10917,65
10917,79
10920,49
10940,49
10950,49
10970,49
12373,12
21120,113
21120,60
21140,113
21140,60
21141,113
21141,60
21150,113
21150,60
21170,113
21170,60
22430,21E
22430,22
22440,21E
22440,22
22450,21E
22450,22
22460,21E
22460,22
49180,156
49190,156
50250,156
50260,156
50270,156
67595,226
67595,250
67610,249
67610,271
67620,550E
67620,556E
68409,223
68410,245
68410,B
68411,222
68411,245
68411,B
22620,21
22620,21E
24510,24
24540,24
24544,24
24560,24
24570,24
24580,24
24590,24
24600,24
24610,24
24620,24
22470,21E
22470,22
22480,21E
22480,22
22490,21E
22490,22
22500,21E
22500,22
22510,21E
22520,21E
22530,21E
22540,21E
24390,24
24400,24
24410,24
24430,24
24440,24
50280,156
50290,156
50310,156
50320,156
51728,131
51740,131
68415,222
68415,245
68415,B
68420,245
69465,250
6190,62
6220,62
6236,28E
6236,5
6236,E
6237,28E
6237,5
6237,E
6240,62
24450,24
24460,24
24470,24
24480,24
24490,24
24500,24
51760,131
51770,131
51780,131
51790,131
69475,250
69485,250
70538,893
12390,11
12400,11
13810,32
13810,D
13830,32
13830,D
13840,32
13840,D
54944,105
70578,893
70587,893
70588,893
70589,893
70591,893
71210,895E
71220,895E
71230,895E
71240,895E
71241,222
71242,222
17820,345
17820,365
17830,345
17830,365
17840,345
17840,365
17850,345
17850,365
19210,45
19240,40
19250,40
29256,43
29256,48
29256,988EN
29257,43
29257,48
29258,11
29258,43
29258,8
29259,11
29259,43
29259,8
29260,11
29260,43
29260,8
29261,11
29261,43
29261,8
29262,11
29262,43
29262,8
54971,105
54972,105
54980,105
55960,106
71250,222
71250,895EN
71260,222
71260,895E
71270,222
71280,222
71290,222
71300,222
71300,226
72180,250
72190,250
72200,250
8030,7
8040,7
8050,7
8070,7
8080,106
8080,107
8080,7
8090,7
8100,7
8100,9E
8110,7
8110,9E
9584,45
9584,79
9586,48
29266,11
29266,8
29268,11
29268,8
30870,36
30890,36
30910,36
30930,36
30950,36
55980,106
57121,165
57121,914
57122,165
57122,914
57123,165
57123,914
57126,165
57126,914
57127,165
57127,914
57128,914
57130,160
72230,250
72232,250
72250,250
72932,271
72940,271
72950,271
13870,24
13870,32
13870,33
13870,D
16160,303
16160,346
16170,303
16170,346
16180,303
16180,346
16190,346
16200,303
16200,346
16210,346
16220,303
16220,346
30960,36
30970,107
32364,50
32364,773
32364,C
57493,165
57496,165
57512,165
57516,165
57518,165
57519,165
57521,165
57522,165
57528,165
71359,255
71359,256
71359,542E
71359,545E
71359,556E
71359,982EN
71359,986EN
71370,222
71371,223
71380,222
71390,222
71400,222
71410,222
71410,895E
71420,222
71420,895E
72310,245
4200,4
4220,4
4230,4
4245,4
4265,4
6520,5
32420,775
32421,775
35060,50
35070,50
35080,50
35100,50
35110,50
35120,50
57183,914
57610,184
57611,184
57612,184
57618,184
57619,184
57620,184
57621,184
57622,184
57623,184
57631,184
61454,182
61456,182
61460,187
61460,903
61462,182
61463,182
61464,182
61465,182
61466,182
61467,182
6540,5
6550,5
6565,5
6580,5
6590,5
6615,5
8360,7
35140,50
35149,50
35149,987EN
36680,50
36690,50
36700,50
36711,50
36720,50
36730,48
57632,184
58142,161
58144,153
58144,161
58144,165
58145,150
58148,160
58150,160
58170,160
58180,160
58190,160
59033,915
62212,160
62212,162
62212,168
62213,160
62213,168
62214,914
62216,160
62216,162
62216,168
62220,160
62220,162
62220,168
62220,914
62228,160
62228,162
62228,168
62228,914
62230,160
62230,162
62230,168
62230,914
8380,7
8400,7
8401,106
8401,7
8401,987EN
8401,9E
8402,48
8402,8
8402,987EN
8403,14
9820,75
9830,75
36750,48
36752,8
38235,522E
38240,372E
38260,372E
59034,915
59035,915
59036,915
59037,915
59038,915
59041,915
59047,165
59720,102
59720,148
59724,102
59724,148
63210,204
63215,204
63220,204
63240,204
64326,629
9840,75
9850,75
9860,75
9895,62
9895,75
9900,62
9900,75
11100,10
11100,11
11100,12
11100,3
11100,49
11130,550E
39800,22
39810,22
39820,22
39830,22
39840,22
39850,22
39860,22
39870,22
39880,22
39890,22
39900,22
39910,22
59730,148
59740,148
59750,148
59751,148
59760,148
59772,102
59772,148
59773,150
59773,162
59773,183
64329,208
64330,208
64332,208
64332,629
64333,208
64333,629
64340,208
64341,208
11133,10
11133,11
11133,12
11133,3
11133,49
11140,10
11140,12
11140,49
11150,10
11150,12
11150,49
11175,96N
11180,49
11180,60
11180,9E
12497,4
12497,8
12500,4
12520,4
41119,128
41121,128
41122,128
41123,128
41124,128
41125,128
41126,128
60300,906
60310,906
60320,160
60320,906
60340,160
60340,906
60350,160
60350,906
60780,A
60790,A
64760,989E
64768,203
64769,203
64780,203
65600,240
65610,240
65620,240
65630,240
12532,4
12532,48
12550,4
12550,48
12550,8
12560,4
12560,48
14150,32
14150,D
14170,32
14170,D
14190,D
14195,31
42585,182
60800,A
60806,903
60808,903
60810,A
60815,903
60817,903
61468,182
61470,187
61470,903
61473,903
61478,182
61480,187
65640,240
65652,240
65670,240
14200,17E
14200,D
14230,D
16430,45
16430,62
16430,79
16430,987EN
16430,988EN
16440,67
45350,106
45360,107
45375,107
45390,107
45400,107
45410,107
46650,105
46660,105
46670,105
61490,187
61493,182
61500,187
62234,160
62234,162
62234,168
62236,914
68530,223
68540,223
68550,223
68560,223
68570,223
68570,226
68570,245
68570,271
16460,67
16480,67
18085,44
18090,44
18100,17E
18100,44
46672,105
46674,105
63260,204
63261,204
63270,204
63280,204
63280,630
63290,204
63290,630
63300,204
63300,630
68582,223
68582,226
68582,245
68582,271
68584,223
68584,226
68584,245
68584,271
69660,225
69670,225
69680,225
69690,225
19550,40
19570,40
19590,40
19600,40
19610,40
19620,40
49500,128
49500,132
49510,128
49510,132
49520,128
49520,132
49530,128
49530,132
63305,204
63305,630
63310,204
63310,630
63320,204
63320,630
63330,204
63330,630
63340,204
63340,630
64358,208
64364,629
64366,629
70672,230
70672,231
70672,250
70672,893N
70676,245
70676,255
70677,245
70677,255
19650,C
21560,H
21590,125
21600,125
21600,50
21600,H
21620,125
21620,50
21620,H
49540,128
49540,132
49550,128
49550,132
49552,128
49553,128
49554,128
49555,128
49556,128
64370,629
64375,629
64790,240
64790,989E
64800,240
64830,240
70679,245
70679,255
70681,245
71345,225
71345,566E
71346,222
71347,222
71347,982E
71348,255
71348,256
71348,542E
71348,545E
71348,556E
71348,982EN
71348,986EN
22870,21
22880,21
22900,21
22912,21
22940,21
22940,21E
22950,21
22950,21E
22970,21
22970,21E
22990,21
22990,21E
52081,H
64840,240
64840,989EN
64845,203
65700,240
65720,240
65740,240
71353,542E
71353,545E
71355,255
71355,256
71355,542E
71355,545E
71355,556E
71355,982EN
71355,986EN
71356,255
71356,256
71356,542E
71356,545E
71356,556E
71356,982EN
71356,986EN
72299,930
72303,930
72304,269
72305,269
72305,545E
72306,269
72306,545E
24910,65
24920,65
24940,65
24950,65
24960,65
24980,65
24990,65
25000,65
26560,40
52120,H
52140,H
53511,161
67922,249
67925,249
67932,249
67935,249
67938,249
67939,249
72307,224
72307,250
72308,930
72309,224
72309,250
73051,250
73054,250
73055,226
73055,250
73056,250
73059,895E
73077,895E
26580,40
26590,40
26600,40
26641,40
26641,98N
26641,C
26645,40
26645,98N
26645,C
28285,28E
53526,183
53530,183
53532,183
55280,107
55290,107
55300,107
55310,107
55320,107
55330,107
55340,107
68590,223
68590,226
68590,245
68590,271
68591,245
68591,271
68592,226
68592,245
68592,271
68593,245
68593,271
68594,245
68594,271
68595,226
68595,245
68595,271
68596,245
68596,271
68597,245
68597,271
68598,271
68599,245
68599,271
73079,895E
430,13N
430,14
430,17EN
430,1N
430,2
430,3
430,36
430,4
430,40N
430,62N
430,7
430,70N
431,21
431,21E
431,56
431,57
431,C
431,DN
431,EN
433,124
433,125
433,131
433,132
433,24N
433,27
433,33N
433,H
450,13N
450,14
450,17EN
450,1N
450,2
450,3
450,36
450,4
450,40N
450,49N
450,62N
450,7
450,70N
455,599
455,600
468,124
468,125
468,131
468,132
468,21
468,21E
468,24N
468,27
468,33N
468,56
468,57
468,C
468,DN
468,EN
468,H
28287,28E
28300,40
28310,40
28350,40
29431,79
29440,271
29440,372E
29440,44
29440,48
29440,542E
29440,556E
55350,107
55360,107
55370,107
55371,107
55372,107
56173,599
68610,223
480,13N
480,14
480,17EN
480,1N
480,2N
480,3
480,36
480,4
480,40N
480,49N
480,62N
480,7
480,70N
481,125
481,21E
481,56
481,57
481,C
481,H
29455,44
29480,44
29500,44
29530,44
29530,62
31220,33
31230,31
31230,33
31240,31
31240,33
31250,31
31250,33
57173,914
57174,914
57175,914
57176,914
57177,914
57178,914
57180,160
57181,914
57182,914
70691,893
70691,986E
70694,893
70694,895E
70694,986E
70700,348
70702,331
70704,331
70706,331
2430,1
2440,1
2450,1
2460,1
2470,1
2480,1
2490,1
2500,1
2510,1
2520,1
2550,2
31260,31
31260,33
31270,31
31270,33
31280,31
31280,33
31290,31
31290,33
31300,31
31300,33
31310,31
31310,33
31320,31
31320,33
31330,31
31330,33
11085,193E
11085,303
11085,322
11087,193E
11087,303
11087,322
11090,10
11090,12
11090,49
12484,4
12484,8
12485,4
12486,8
12487,4
12487,8
42420,181
42500,181
42520,181
42540,181
42550,181
46565,111
46565,240
46570,111
47872,131
47890,128
47890,131
47900,131
47920,131
47931,131
64296,629
64308,208
64308,629
64605,271
64610,203
64610,271
64620,203
64620,271
12496,4
14038,32
14038,D
14070,17E
14070,24
14070,32
14070,33
14070,D
14090,32
14090,D
14110,32
14110,D
14130,32
14130,D
42560,181
42570,181
42576,181
45305,105
45305,153
45320,101
45320,106
45320,107
45320,160
45320,F
49350,128
49356,132
49358,132
49360,128
49362,132
49367,132
49370,132
64630,203
64630,271
64640,203
64640,271
64650,203
64650,271
64660,203
64660,271
64670,203
64670,271
65480,240
65490,240
65500,240
65510,240
65520,240
65530,240
65540,240
16390,45
16390,62
16400,45
16400,62
16416,45
16416,62
16419,79
17990,17E
45340,106
46575,111
46578,F
46579,F
46580,F
46585,F
46590,F
46595,F
46600,105
46600,240
46610,105
46610,240
46620,105
46620,240
50450,156
50461,156
50462,156
50466,156
50468,156
50479,165
50479,A
50480,165
50480,A
51877,131
65550,240
65560,240
65570,240
65580,240
65590,240
67700,550E
67700,556E
67720,550E
67720,556E
18000,17E
18010,17E
18020,17E
18030,17E
18040,17E
18041,17E
18050,17E
18060,17E
18066,17E
18070,17E
19420,24
19420,33
19440,17E
19440,24
19440,33
46630,105
46630,240
46640,105
47970,193E
47972,177
47972,193E
47973,183
47974,183
51882,131
51890,131
51900,131
51910,131
51920,131
51930,131
51940,131
53380,156
68475,245
68476,245
68480,223
68490,223
68495,930
68496,542E
68496,545E
68498,245
68498,B
68502,223
19460,24
19460,33
19470,17E
19470,24
19470,33
19480,24
19480,33
19490,24
19490,33
19500,24
19500,33
19510,40
19530,40
21420,128
21430,128
21440,128
21450,H
57165,914
57168,914
57169,914
57171,914
57172,914
57600,184
53400,156
53420,156
55066,106
55068,106
68510,223
69570,225
69580,225
69590,225
69600,225
69610,225
69620,225
69630,225
69640,225
21480,H
21500,H
22750,21
22770,21
22780,21
22790,21
58137,150
58138,161
58139,150
58140,150
58141,161
58965,915
58980,915
58990,915
59010,915
59020,915
59029,915
55130,106
55140,106
55150,106
55160,106
56061,106
69650,225
70619,271
70664,239
70664,250
70665,239
70665,245
70665,250
70665,893
70666,239
70666,250
22820,21
22820,21E
22820,50
22820,773
22820,C
22830,21
22830,21E
22830,50
22830,773
22830,C
22850,50
22850,773
22860,21
24750,24
24760,24
24770,24
24780,24
51960,131
51970,131
51972,131
52030,H
52051,H
56081,106
56099,106
56111,106
57148,914
57149,914
57150,160
57151,914
57152,165
57152,914
71331,222
71331,223
71335,542E
71335,545E
71335,566E
71336,542E
71336,545E
71336,566E
71336,982EN
71341,542E
71341,545E
26450,31
26450,32
26460,31
26460,32
26480,31
26480,32
26480,62
26490,31
26490,32
26490,62
26510,31
26510,32
26510,40
26510,62
59031,915
59032,915
59710,102
59710,148
59712,102
59712,148
57155,914
57156,160
57159,160
57160,160
57566,111
57568,111
57570,111
57571,111
57572,111
57574,111
72281,224
72282,224
72283,224
72288,245
72289,245
72290,245
72291,269
72294,245
73010,271
26520,40
28230,28E
28250,28E
28255,40
28260,28E
28260,40
28265,40
60720,A
60729,A
60748,A
60750,A
60752,A
60760,A
58110,150
58111,906
58111,F
58112,150
58112,F
58113,906
58113,F
58114,150
58114,F
58116,906
73020,271
73030,271
73040,271
73042,271
73043,271
73044,271
73047,250
73048,271
73049,249
73049,271
340,101
340,102
340,113
340,150
340,162
340,177
360,111
360,212
360,218
360,256N
360,550E
360,554E
28280,40
29405,271
29405,43
29405,44
29405,48
29420,255
29420,271
29420,44
29420,48
29420,542E
29420,556E
29423,79
53501,161
53502,161
53504,193E
53505,161
53508,162
53508,165
55170,106
58118,906
58119,906
58121,906
58886,915
58888,915
58900,915
58902,915
58910,915
58912,915
58920,915
361,101
361,102
361,150
361,162
361,177
375,111
375,212
375,218
375,256
375,550E
375,554E
390,101
390,102
390,150
390,162
390,177
400,124
400,131
400,132
400,13N
400,14
400,17EN
400,1N
400,2
400,21
400,24N
400,27
400,33N
400,4
400,56
400,57
400,DN
400,EN
420,124
420,131
420,132
420,13N
420,14
420,17EN
420,1N
420,2
420,21
420,21E
420,24N
420,27
420,33N
420,4
420,40N
420,56
420,57
420,62N
420,C
420,DN
420,EN
420,H
1350,27
31136,7
31137,7
31140,33
31150,33
31160,33
31180,33
31190,33
31210,33
59716,102
59716,148
59718,102
59718,148
60220,102
60220,148
60230,102
60230,148
60240,102
60240,148
60250,102
60250,148
60260,102
60260,148
58960,915
58962,915
58964,915
59616,102
59630,148
1360,27
1370,27N
1370,33
34930,50
34930,987EN
34940,50
49380,132
49390,132
49400,132
49410,132
49420,132
49430,132
49440,132
49450,132
49460,132
49470,132
49480,132
60180,102
60184,906
60185,102
60185,906
60186,906
60190,102
60202,102
2360,1
2360,13
2360,2
2360,8
2360,D
2361,32
2370,1
2370,32
2370,8
2370,D
2390,1
2400,1
2410,1
2420,1
3980,4
3990,4
4000,4
4010,4
4020,4
34960,50
34980,50
35000,50
35020,50
35030,50
35050,50
36530,125
36540,125
55180,106
55190,106
55200,106
55210,106
55220,106
55226,106
55226,107
55228,107
55230,107
55240,107
55250,107
55260,107
56130,106
60640,181
60640,187
60646,903
60660,A
60670,A
60680,A
60710,A
4040,4
4050,4
4070,4
4080,4
6400,5
6420,5
6440,5
36560,125
36580,125
38145,322
38145,372E
38145,61
57609,184
58122,906
58126,906
58130,150
58130,906
58132,150
58132,906
58134,150
58135,150
58136,150
61442,182
61443,182
61444,182
61445,182
61446,182
61447,182
61448,182
61450,187
61450,903
61453,182
62189,165
6460,5
6480,5
6490,5
6510,5
8250,7
8250,9E
8270,7
8285,7
38160,322
38160,372E
38160,61
38180,372E
38200,372E
38220,372E
39500,57
39510,57
39520,57
39530,57
39540,57
49490,128
49490,132
62190,914
62194,914
62196,914
62198,160
62198,162
62198,168
62202,160
62202,162
62202,168
62204,160
62204,162
62204,168
62208,160
62208,162
62208,168
8300,7
8300,9E
8310,50
8310,7
8330,7
8330,9E
8350,7
8350,9E
9690,65
9690,75
9710,75
9720,75
9730,75
9750,75
39550,57
39560,57
39750,57
39760,57
39770,57
39790,22
41080,124
56151,106
56151,36
56159,599
56161,106
56162,106
56164,106
56165,106
57162,160
57163,914
57164,160
64287,629
64288,629
64290,629
64295,629
9770,75
9790,75
9800,75
11050,49
11050,60
11050,9E
11060,43
11060,49
11060,60
11060,9E
11070,43
11070,49
11070,60
11070,9E
11075,193E
11075,303
11075,322
11080,10
11080,12
11080,49
31580,113
31580,128
31580,60
31590,113
31590,128
31590,60
31610,124
43070,345
43080,345
43090,345
43095,345
45460,107
62287,168
62288,168
62290,168
62293,168
62294,168
5330,45
5330,61
6800,5
6820,345
6820,5
6840,345
6840,5
16670,346
16680,303
16680,346
16690,346
16700,303
16700,346
16710,346
16720,303
16720,346
18170,31
18180,31
18180,32
18190,31
18190,32
18200,31
18200,32
18210,31
18210,32
46776,119
46785,119
46791,118
46791,119
46792,118
46792,119
46800,118
46800,119
46818,119
63404,630
6850,345
6850,5
6870,345
6870,5
6880,345
6880,5
8608,106
8608,7
8608,9E
8620,106
8620,7
18220,13
18220,31
18220,32
18220,4
18230,31
18230,32
18240,31
18240,32
18250,31
18250,32
19790,128
19790,22
19790,773
19790,C
19810,128
19810,22
19810,773
19830,128
19830,22
19830,773
19830,C
19850,128
19850,22
19850,773
46819,119
46822,119
48310,128
48310,131
48311,128
48311,131
48330,131
48346,131
48360,131
64395,629
64397,208
64397,629
64398,208
64398,629
64399,208
64399,629
8641,106
8641,48
8641,7
8641,9E
8660,106
8660,48
8660,7
8671,8
8672,8
10040,79
10050,79
10060,79
10070,79
10083,79
19861,22
19861,773
19862,C
21765,124
21765,545E
48370,131
49572,128
49574,128
49576,128
49577,128
49580,132
49585,128
49585,131
49586,128
49586,131
49588,128
49588,131
66780,226
10100,79
10110,79
10120,79
10130,79
11356,31
11356,32
11357,31
11357,32
11358,31
11358,32
11358,48N
11370,10
11390,10
11400,10
11410,10
23170,75
23180,75
23200,75
50714,165
50717,162
50717,165
50717,183
50720,162
50720,183
50724,183
50725,183
50726,183
50727,183
66790,226
66800,226
66810,226
66820,226
66830,226
66840,226
66850,226
66860,226
66870,226
68005,271
68005,556E
68006,566E
68007,249
68007,550E
11430,10
12780,3
12780,4
12790,3
12790,4
12805,193E
12805,3
12805,303
12805,4
12820,3
12820,4
12840,193E
12840,3
12840,303
12840,4
12841,322
23220,75
23230,322
23230,348
23230,61
23230,67
23230,75
25130,65
25140,65
25201,31
25201,32
25201,65
25201,75
25202,31
25202,32
25202,45
25202,67
52281,H
52300,161
52300,165
52300,631
52300,F
52301,161
52301,165
52302,631
52303,H
52304,131
52304,132
52304,F
52304,H
52305,131
52305,132
52305,165
52306,161
52306,631
52306,F
68020,550E
68020,556E
68035,550E
68035,556E
68670,223
12842,322
12860,193E
12860,3
12860,303
12860,322
12860,4
14970,50
14970,56
14980,50
14980,56
15000,50
15000,56
15002,50
15002,56
15030,50
15030,56
15030,57
15040,50
15040,56
15040,57
15050,50
15050,56
15050,57
25210,45
25210,67
26700,98
26701,98
26702,98
26705,98
26715,40
26715,C
26730,40
26730,C
53706,631
55430,107
55441,107
55450,107
68680,223
68690,223
68700,223
68700,245
68710,223
68710,245
68720,223
68720,245
68740,245
69900,225
69910,225
69920,225
69928,225
69940,225
15060,56
15060,57
15070,56
15070,57
16730,346
16740,303
16740,346
16750,303
16750,346
16760,303
16760,346
16770,331
16770,346
16800,365
16810,365
28425,28E
28450,28E
28470,28E
28490,28E
28510,28E
55460,107
55470,107
55472,106
55472,107
55474,106
55474,107
56360,106
56370,106
56372,106
56373,106
69950,225
69960,225
69970,225
69980,225
69990,225
16830,365
18260,62
18270,62
18295,62
18315,62
18320,62
18340,62
28530,28E
29582,44
29600,44
29620,44
29630,44
29640,44
29650,44
29660,44
29680,44
29700,44
56374,106
56374,107
56376,106
56440,106
57198,914
57199,914
57200,160
57201,162
57201,168
57202,162
57202,168
71520,222
71520,895E
19875,50
19875,773
19898,21
19898,773
19898,C
19921,21
19921,773
19922,50
19930,21
19930,773
19930,C
19940,21
19940,773
31430,31
31430,33
31440,31
31440,33
31450,31
31450,33
31460,31
31460,33
31481,33
31500,33
31510,33
31530,33
32435,773
57203,914
57204,914
57205,914
57206,914
57207,914
57208,914
57209,914
57740,184
57755,915
57760,915
57765,915
72371,225
72371,245
72380,225
72380,245
72391,225
72391,245
72400,225
72400,245
72410,225
72410,245
72420,223
72435,223
21833,124
21850,545E
21860,124
21870,124
32436,773
32438,773
32439,773
32440,773
32441,773
32442,773
32443,773
35270,75
35270,982EN
35270,986EN
57773,915
57774,160
57774,181
57774,184
57774,566E
57775,181
57776,566E
57776,917
73188,245
73227,542E
73227,B
73240,223
73240,225
73240,B
73243,223
73243,225
73243,B
23250,322
23250,348
23250,61
23250,67
23250,75
23260,67
23260,75
23273,67
23273,75
23276,322
35290,322
35290,348
35290,61
36830,48
59066,165
59067,165
59069,165
59070,181
59073,165
59077,165
590,124N
590,131N
590,132N
590,17E
590,21EN
590,21N
590,24
590,27
590,28E
590,33
590,40
590,5
590,56
590,57
590,62
590,HN
25240,44
25240,988EN
26760,40
26770,40
26780,40
36845,48
36860,48
36890,45N
36910,45N
59084,181
59086,181
59833,906
59833,F
59839,101
59839,160
59841,101
59841,102
59841,148
59841,153
59841,160
59842,102
59842,148
59842,153
59842,160
600,1
600,124N
600,13
600,131N
600,132N
600,14
600,17E
600,2
600,21E
600,24
600,28E
600,3
600,33
600,4
600,40
600,5
600,62
600,C
600,D
600,E
600,H
605,1
605,124
605,13
605,131
605,132
605,17E
605,2
605,24
605,28E
605,33
605,4
605,5
605,D
605,E
619,124N
619,131N
619,132N
619,17E
619,21N
619,24
619,28E
619,33
619,40
619,5
620,101N
620,102N
620,111N
620,150N
620,177N
620,212N
620,218N
620,256
620,545E
620,550EN
620,554EN
621,599
621,600
623,599
623,600
26800,40
26840,40
26850,40
26860,31
26860,32
26860,40
26860,62
28540,28E
28550,28E
28575,28E
38530,372E
38550,372E
39983,22
39983,H
39990,125
39990,60
60373,153
60374,906
60375,906
60376,906
60378,906
60380,150
60400,150
60410,150
1558,113
1558,125
1558,21E
1558,56
1558,57
1558,C
1558,H
1559,113
1559,125
1559,21E
1559,56
1559,57
1559,C
1559,H
1560,3
1560,4
1561,113
1561,125
1561,21E
1561,56
1561,57
1561,C
1561,H
1562,113
1562,125
1562,21E
1562,56
1562,57
1562,C
1562,H
1570,3
1570,4
2730,13
2730,2
2740,13
2740,2
28600,28E
28630,28E
29720,44
29865,44
29889,31
29889,32
40010,128
40012,128
40016,125
40018,125
40020,125
60420,150
60428,150
60890,156
60890,161
60890,A
60900,161
60900,A
60902,156
60903,156
60904,156
60906,156
60908,156
60909,156
60910,A
60911,156
2760,2
2770,2
2780,2
2790,2
2800,2
2810,2
2820,2
2830,2
2840,2
4490,13
4500,13
29891,31
29891,32
29920,31
29920,32
29920,65
29920,75
31547,33
31550,33
31552,33
31560,113
31560,128
31560,60
43050,345
43060,345
60914,156
61520,187
61530,187
61540,187
61550,187
61560,187
61570,187
61580,187
52261,H
53536,183
53537,183
53538,183
53550,230
53550,231
53550,255
68611,245
68611,271
68612,223
68612,226
68612,245
68612,271
68613,223
68613,226
68613,245
68613,271
68614,245
68614,271
68620,223
68630,223
68640,223
68650,223
69874,225
72311,245
72312,245
72319,930
25050,65
25070,65
25090,65
25100,65
25110,65
26665,40
26665,98N
26665,C
55373,107
55374,107
55375,107
55376,107
55377,107
55378,107
55380,107
55395,107
55400,107
55410,107
55420,107
69876,225
69878,225
69882,225
69884,225
69890,225
70710,331
73089,895E
73092,895E
73095,250
73100,250
73106,250
73108,B
490,124
490,131
490,132
490,21
490,24N
490,27
490,33N
490,DN
490,EN
500,13N
500,14
500,17EN
500,1N
500,2N
500,36
500,3N
500,40N
500,49N
500,4N
500,62N
500,7
500,70N
26680,98N
26689,98N
26690,40
26690,98N
26690,C
26693,98
26698,98
28370,40
28374,28E
28376,28E
56275,106
56280,106
56290,106
56300,106
56310,106
56320,106
56330,106
56340,106
56350,106
57185,160
70714,331
70716,331
70718,331
70720,331
71430,895E
71440,895E
71450,895E
501,599
501,600
510,E
515,124
515,131
515,132
515,13N
515,14
515,17E
515,1N
515,21
515,24
515,2N
515,33
515,36
515,3N
515,40
515,49N
515,4N
515,7
515,70N
515,D
531,124N
531,131N
531,132N
531,17E
531,21N
531,24
531,27N
531,28E
531,33
531,40
531,5
531,62
532,599
532,600
28390,40
28410,28E
28410,40
28415,40
28416,40
29540,44
57187,165
57188,165
57188,914
57189,914
57190,160
57191,914
57197,914
57640,184
57650,184
71460,895E
71470,895E
71480,895E
71490,895E
71500,895E
71510,222
71510,895E
72324,269
72326,269
1471,1
1471,106
1471,13
1471,14
1471,2
1471,3
1471,36
1471,4
1471,49
1471,7
1471,70
1480,106
1480,14
1480,36
1480,554E
1480,7
1490,106
1490,14
1490,36
1490,7
1500,1
1500,106
1500,14
1500,36
1500,7
2570,2
2580,2
2590,2
2600,2
29557,44
29581,44
31340,33
31350,31
31350,33
31360,31
31360,33
31370,31
31370,33
31380,31
31380,33
31390,31
31390,33
58210,160
58220,160
58230,160
6693,5
6710,5
6730,5
6740,5
6750,5
6770,5
6790,5
8494,106
8494,212
8494,554E
8494,7
8494,9E
2610,2
2620,2
2630,2
2640,13
2640,2
4280,4
4290,4
4300,4
31400,31
31400,33
31410,31
31410,33
31420,31
31420,33
32423,775
32425,775
32426,775
32427,775
32428,775
32429,775
32430,775
32431,775
32432,775
58235,160
58240,160
58255,160
58257,160
58260,160
58270,160
59050,181
59053,165
59057,165
9980,79
9990,79
10005,65
10010,65
10010,79
10020,65
10020,79
10030,79
11300,49
4325,4
4340,4
4355,4
4370,4
6640,5
6640,61
6650,5
6650,61
32433,775
35230,65
35230,75
35231,75
35233,75
59059,165
59060,181
59061,165
59062,165
59063,165
59064,165
59065,165
59785,102
59785,148
59800,102
59800,148
538,1
538,13
538,14N
538,2N
538,3
538,36N
538,4
538,70
538,7N
538,D
538,E
539,125
539,C
548,113N
548,124N
548,131N
548,132N
548,17E
548,21EN
548,21N
548,24
548,27N
548,28E
548,33
548,40
548,5
548,56N
548,57N
548,62
548,HN
558,1
558,125
558,13
558,14N
558,2N
558,3
558,36N
558,4
558,70
558,7N
558,C
558,D
558,E
565,599
565,600
570,113
570,124N
570,131N
570,132N
570,17E
570,21EN
570,21N
570,24
570,27N
570,28E
570,33
570,40
570,5
570,56N
570,57N
570,62
570,HN
6658,61
6660,5
6670,5
6685,5
8429,106
8429,48
8429,7
8440,106
8440,4
8440,48
8440,7
8440,9E
8450,106
8450,7
8460,106
8460,7
35250,75
36774,48
36791,48
36800,48
59810,102
59810,148
59828,160
59830,102
59830,148
59830,160
60359,160
60360,906
60361,160
60362,160
60363,160
60364,160
11330,49
11352,271
11352,372E
11352,44
11352,48
11352,49
11352,542E
11352,556E
11352,70
12700,3
12712,3
8485,106
8485,7
8485,9E
9901,62
9912,62
9912,75
9921,75
9921,79
9930,75
9930,79
9950,75
9950,79
38350,79
38370,79
38390,79
38410,79
39920,22
60366,160
60367,160
60370,153
60370,906
60372,906
60821,903
60830,A
60840,A
60850,A
14960,50
14960,56
14960,775
14961,50
14961,56
14962,50
14962,56
14963,50
14963,56
16610,346
16620,346
16630,346
16640,346
16650,346
16660,346
9970,75
9970,79
9972,75
9974,75
11190,49
11190,60
11190,9E
11191,60
11200,49
11200,9E
11230,49
11250,49
11270,49
39930,22
39940,22
39955,22
39965,22
39976,125
39976,60
39980,125
39980,60
41128,128
60860,A
60880,156
60880,161
60880,A
61510,187
575,1
575,125N
575,13
575,14N
575,2
575,3
575,36
575,4
575,70
575,7N
575,C
575,D
575,E
1510,1
1510,106N
1510,14N
1510,36
1510,7
1530,1
1530,13
1530,14N
1530,2N
1530,36N
1530,3N
1530,4N
1530,62
1530,7
1530,70
1540,3
1540,4
1550,3
1550,4
1551,96
11290,49
12600,4
12600,48
12630,4
12630,48
12630,8
12640,4
12640,48
12660,4
12670,4
41131,128
41134,128
41135,128
41136,128
41137,128
41138,128
42650,903
42660,903
42670,903
42680,903
12720,3
12740,3
12760,3
12770,3
12770,48
12770,4N
14360,40
14360,D
12690,3
14250,D
14280,D
14300,D
14320,D
14340,D
42961,165
42961,A
43020,345
43030,345
45430,107
45440,107
45441,107
45442,107
63350,204
63350,630
63360,204
63360,630
63370,204
63370,630
72329,554E
72330,245
72348,245
73110,B
73112,250
73130,223
73130,225
73130,245
73130,B
16515,45
16515,62
16520,45
16520,62
16570,365
45451,107
45452,107
45453,107
46720,111
46730,111
63380,204
63380,630
64378,629
64379,629
64380,629
64382,629
64383,224
64383,629
64384,629
64385,629
2660,13
2660,2
2670,13
2670,2
2672,1
2672,13
2672,2
2672,32N
2672,8
2672,D
2680,13
2680,2
2690,13
2690,2
2710,13
2710,2
18120,17E
18120,40
18120,44
18145,40
18151,40
18152,40
18165,40
19670,C
46766,118
46769,118
46769,119
46770,118
46773,118
46773,119
64386,629
64387,629
64388,629
64870,989E
8510,106
8510,630
8510,7
8510,9E
8530,106
8530,14
8530,7
8541,106
8541,14
8541,7
8550,106
8550,7
8550,9E
8590,106
8590,212
8590,554E
8590,7
8590,9E
9976,75
9978,45
9978,65
9978,67
9978,75
19700,C
19740,C
19750,C
21680,124
48280,131
48290,131
49557,128
49558,128
49561,128
49562,128
49563,128
49564,128
49565,128
49566,128
66700,222
66700,226
66710,226
66730,226
73152,223
73152,225
73152,245
73167,245
73168,245
21690,124
21700,124
21710,124
21720,124
21730,124
23000,21
23000,21E
23010,21
23010,21E
23020,21
23020,21E
49567,128
49568,128
49571,128
50703,183
50707,183
50709,183
66742,226
67943,249
67944,249
67947,249
67960,550E
67960,556E
67990,550E
67990,556E
68001,226
68001,566E
68003,B
2720,13
2720,2
4465,13
23030,21
23030,21E
23050,21
23050,21E
23060,21
23060,21E
23070,21E
23080,21E
25010,65
25020,65
25040,65
50712,150
50712,162
50712,183
52200,H
52240,H
60475,162
60475,168
60477,162
60477,168
61012,124
61020,124
61020,128
61040,124
61040,128
61060,A
61070,161
61070,A
61080,161
61080,A
67013,212
67013,218
67013,554E
67013,556E
67013,989EN
68063,226
68064,226
68065,226
68066,226
68067,226
68068,226
15201,21
15202,21
15203,21
15204,21
15205,21
15205,50
15206,21
15207,21
16920,345
16920,365
16940,345
16940,365
41340,13
41340,4
41350,13
41350,4
41360,13
41360,4
41370,13
41370,4
41380,13
41380,4
41390,13N
41390,4N
43714,8
43716,8
43720,8
52411,631
53850,128
53860,128
53870,128
53870,131
53910,128
68069,226
68803,224
68803,627
68803,629
68803,931
68805,B
68809,B
16960,345
16960,365
16960,40
16980,345
16980,365
16980,40
18440,40
18440,554E
18440,C
18455,62
43724,8
43728,8
45751,124
45751,60
45770,131
45770,132
45780,131
45780,132
45790,131
45790,132
45800,131
45800,132
55583,106
55583,9E
55589,106
55590,106
70008,231
70010,225
70020,225
70022,225
70807,271
18465,62
18480,62
20050,128
20050,22
20050,773
20070,128
20070,22
20070,773
20090,128
20090,22
20090,773
20090,C
20110,128
20110,22
20110,773
45810,131
45810,132
45820,131
45820,132
45840,131
45840,132
45850,131
45850,132
47255,118
47260,156
47263,165
47270,156
47270,165
47275,156
47275,165
47280,156
47280,165
55593,106
70813,271
70823,245
70823,271
71680,226
20130,C
21990,125
21990,50
21990,H
48550,165
48570,165
48580,165
48590,165
48600,165
48610,165
57240,160
57250,160
57260,160
57270,160
57280,160
57290,160
57300,160
57310,160
71825,222
71826,222
71827,222
71828,250
71829,222
71830,250
71831,222
71678,226
22009,50
22010,125
22010,H
23370,67
23390,67
23420,67
23421,522E
23421,67
48620,165
48630,165
48640,165
49731,132
49732,132
49733,132
49739,132
49740,132
57795,181
57795,917
57804,181
57804,917
57806,181
57806,917
57810,181
57810,917
58341,917
72476,223
72476,B
72477,222
72477,224
72477,250
72478,223
72478,B
72479,222
72479,224
72479,250
72479,930
73340,223
73342,223
73342,225
73342,B
73350,223
73350,225
73350,245
73350,B
73351,223
73351,225
73351,245
49750,132
49753,132
50761,162
50761,183
50770,162
50770,183
50772,162
50772,165
50772,183
50772,914
50774,150
50779,150
50779,162
50779,183
58342,181
58342,917
58343,917
58344,181
58345,917
58350,915
58360,915
58370,915
58380,915
73352,223
73352,225
73352,245
73366,223
73366,225
73366,B
73368,223
73368,225
73368,245
73380,223
73380,225
73380,245
26940,31
26940,32
26965,31
26965,32
26980,31
26980,32
26999,31
26999,32
50781,183
50783,183
59171,181
59173,181
59174,181
59175,181
59176,181
59177,181
59178,181
59868,F
691,101
691,102
691,150
691,550E
700,101N
700,102N
700,111N
700,150N
700,177N
700,212N
700,218N
700,256
700,545E
700,554EN
720,212
720,256
720,554EN
53946,156
53975,161
53975,165
53975,631
53975,F
53978,631
59870,102
59870,160
59870,F
59872,F
59873,F
59876,F
60454,165
60455,165
60456,165
60457,165
730,554EN
760,545E
1671,96N
1672,96N
1681,96N
1682,96N
1690,1
1690,13
1690,2
1690,24
1690,33
1690,4
1690,D
1710,D
30160,106
30160,107
30160,9E
30170,107
30171,107
30180,107
30190,107
30211,107
30220,107
30240,107
55651,106
55656,599
55661,106
60459,162
60459,168
60461,162
60461,168
60463,162
60463,168
60465,162
60465,168
60950,124
60958,124
60970,124
60980,124
2960,2
2970,2
2980,2
2995,2
3000,2
3010,2
3030,2
31680,132
31680,60
31680,987E
31700,60
31720,60
31731,22
31731,H
31736,125
31736,22
31736,60
56610,105
56610,111
56620,105
56620,111
56631,105
56631,111
56649,111
56660,111
56670,111
56680,111
57320,160
57330,160
57340,160
60983,124
60990,124
61000,124
61750,901
61760,901
61780,901
61790,901
61800,901
61810,901
3032,2
3033,2
5440,45
5440,61
5450,45
5450,61
5470,45
5470,61
5486,331
5486,333
5487,331
5487,333
5488,331
5488,333
5489,331
5489,333
32620,773
32630,773
32640,773
32660,773
35440,75
57350,160
57360,160
57370,160
57375,160
57390,160
57400,160
57405,160
57840,160
61820,901
61830,901
62313,168
62316,168
62317,168
62318,168
7080,E
7100,E
7120,E
7140,E
7160,E
7180,E
35530,45
35540,45
35550,45
35551,45
35570,40
35570,45
35580,40
35580,45
35600,45
35630,45
57846,917
57851,917
57852,917
57853,917
58389,184
58391,182
58393,184
58394,184
62319,168
62320,168
62324,168
63500,630
63515,204
63515,630
63520,204
63520,630
63530,204
63530,630
8810,7
8820,7
8840,7
8840,9E
8850,7
8870,7
8870,9E
8890,7
8890,9E
8905,7
8905,9E
8920,7
8920,9E
37086,45
37087,45
37088,45
37089,45
37090,128
37100,128
37100,775
37110,128
37110,775
37120,775
37130,128
37130,775
37140,128
37140,775
58400,184
58410,184
59200,181
59210,181
59220,181
63540,204
63540,630
63550,204
63550,630
63560,204
63560,630
63570,204
63570,630
64415,208
64416,208
64417,208
64419,208
64421,208
64425,208
10225,256
10225,303
10225,322
10225,70
10240,256
10240,303
10240,322
10240,70
10280,256
10280,303
10280,322
10280,70
10305,256
10305,303
10305,322
10305,70
11565,10
11566,10
38810,65
38840,348
38850,348
38870,348
40073,31
40073,33
59240,181
59250,181
59252,181
59254,181
59877,F
59878,F
59879,F
59881,906
59881,F
59882,F
64435,629
65020,203
65020,271
65030,271
65034,271
11567,10
11568,10
11569,10
11570,10
11590,10
11600,10
11610,10
11620,10
11630,10
12991,3
12991,4
40077,31
40077,33
40078,31
41280,13
41280,4
41290,13
41290,4
41300,13
41300,4
41320,13
59891,102
59891,160
59891,F
60467,162
60467,168
60469,162
60469,168
60471,162
60471,168
60473,162
60473,168
65036,271
65038,271
13005,3
13005,4
13020,3
13030,3
13040,3
13060,3
13070,3
15190,21
15190,50
73246,223
73246,225
73248,223
73250,223
35317,345
35317,348
35317,365
35317,40
35317,61
35317,67
35317,75
35318,322
35318,345
35318,348
35318,365
35318,40
35318,61
35319,303
35319,322
58310,160
58320,160
625,E
626,62
626,E
628,111N
628,212N
628,218N
628,256
628,550EN
628,554EN
26870,31
26870,32
26870,62
26885,31
26885,32
26885,62
26901,31
26901,32
26920,31
26920,32
28650,28E
28670,28E
35331,322
35331,61
35332,322
35332,61
35333,322
35333,61
36931,45
36931,62
36931,79
36940,45
36940,62
36940,79N
36960,45
36960,62
36960,79
36961,45
36991,45
58340,181
58340,917
59094,181
59096,181
59110,181
59120,181
640,101N
640,102N
640,150N
640,177N
640,545E
648,111N
648,212N
648,218N
648,256
648,550EN
648,554EN
660,101N
660,102N
660,150N
660,177N
660,545E
670,111N
670,212N
670,218N
670,256
670,550EN
670,554EN
1610,1
1610,13
1610,14N
1610,2N
1610,36N
1610,3N
1610,4N
1610,70
1610,7N
1610,D
1610,E
28680,28E
28680,D
29930,31
29930,32
29930,65
29930,75
29950,31
29950,32
29952,31
29952,32
37020,45
38567,522E
38570,372E
38590,372E
38610,372E
38620,322
38620,372E
38620,61
59860,102
59860,160
59860,566E
59860,F
1619,98N
1651,96N
1652,96N
1661,96N
1662,96N
2850,2
2860,2
2870,2
2880,2
30122,7
30140,106
30140,107
30140,987EN
30140,9E
31613,124
31620,124
31630,124
31631,124
38650,322
38650,372E
38650,61
40030,40
40032,40
40035,40
40038,40
40040,40
40042,40
40044,40
40046,40
60435,906
60450,165
60453,162
60453,165
60915,156
2890,2
2900,2
2910,2
2911,2
2920,2
2930,2
2940,2
2940,988EN
2950,2
5350,45
5350,61
5370,45
5370,61
5380,45
5380,61
5400,45
41270,13
41270,4
43706,8
43710,8
43710,988EN
43712,8
41237,128
60916,156
60920,124
60920,128
60921,A
60922,124N
60922,128
60922,A
60922,F
60923,124
60923,128
60923,F
60930,124
60930,128
5402,31
5402,32
5420,45
5420,61
6940,331
6940,333
6940,5
6950,E
6990,E
47200,635
47202,635
47203,635
47204,635
47205,635
47206,635
47230,118
47235,118
47240,118
47240,119
43100,345
43110,345
43130,345
61740,901
62299,168
62301,168
7000,E
7010,E
7040,E
8681,106
8681,7
8681,9E
8710,7
8730,7
8740,7
8740,9E
35400,75
35420,75
37040,45
37060,45
37074,45
37078,40
37078,45
45610,50
45630,50
45648,50
45649,36
45651,36
45651,50
62303,168
62307,168
62309,168
8760,50
8760,7
8760,9E
8780,7
8790,7
8790,9E
10145,79
10170,70
10180,70
10190,70
49690,132
49700,132
49710,132
49720,132
46830,118
46830,119
46840,118
46840,119
46850,118
46850,119
46870,118
46870,119
46871,118
46871,119
46880,118
46880,119
46888,118
46888,119
46890,118
46890,119
47080,118
47080,119
47110,118
47110,119
47120,118
47120,119
48390,131
63462,204
63490,630
64401,208
64402,208
64403,208
64405,208
10210,256
10210,303
10210,322
10210,70
11480,10
11480,12
11490,10
11490,12
11520,10
11520,12
11535,12
50755,165
50758,162
50758,183
52380,631
52400,631
52410,631
48398,131
48410,131
48430,131
48440,131
48451,131
48460,131
48470,131
48470,132
49592,128
49595,128
64406,208
64408,208
64409,208
64411,208
64413,208
64414,208
64960,203
64960,271
64970,203
64970,271
12880,193E
12880,3
12880,303
12880,322
12880,4
12890,3
12890,4
12900,3
12900,4
12910,193E
12910,3
12910,4
12910,60
12930,193E
12930,3
12930,303
12930,322
12930,4
12950,193E
12950,3
12950,303
12950,4
12960,3
12960,4
37080,45
37081,40
37081,45
37083,40
37083,45
38653,372E
38653,61
38670,65
38680,65
38700,65
49599,132
49610,132
49630,132
49660,132
49670,132
50728,183
50730,162
50730,183
50731,183
64980,203
64980,271
64990,203
64990,271
65000,203
65000,271
65010,203
65010,271
65013,203
65014,203
65014,271
65015,271
66871,222
66874,222
66874,223
66875,222
66875,223
66880,226
66890,226
12980,193E
12980,3
12980,303
12980,4
15080,56
15080,57
15090,56
15090,57
15100,56
15100,57
15120,56
15120,57
15140,21
15145,21
49724,132
49725,132
49726,132
49730,132
50741,165
50741,914
50732,183
50733,183
50734,183
50735,162
50735,183
50740,165
50740,914
66900,226
66920,226
66930,226
68042,550E
68042,556E
68048,240
16840,365
16850,365
16860,345
16860,365
16870,345
16870,365
16880,345
16880,365
16890,345
16890,365
16900,345
16900,365
16914,345
16914,365
31641,124
31650,124
31660,60
31670,60
52353,907
53720,161
53720,165
53720,F
53740,161
53740,165
53740,F
68750,245
68750,B
68770,245
68780,245
68780,B
68782,245
68784,245
68784,B
68786,245
68786,B
18359,62
18370,62
18388,62
18402,62
38720,65
38730,65
40049,40
40049,D
40050,40
40050,D
40052,40
40054,40
40056,40
40058,40
40060,40
40065,40
68788,245
68788,B
70000,225
70002,225
70003,231
70004,231
19978,50
19980,21
19980,773
20040,50
20040,773
20041,C
21880,124
45670,36
45680,36
45692,107
45700,107
45731,107
45732,107
45740,124
45740,60
47165,119
47175,119
55578,599
56450,106
56460,106
56470,106
56480,106
56500,106
56510,105
56510,907
56519,105
70005,231
70006,231
70007,231
70802,245
70803,271
21890,124
21910,124
21920,124
21940,124
21945,165
32601,773
32610,773
35334,322
35334,61
35336,322
35336,61
35338,322
35338,61
35350,75
35380,75
56522,105
57210,160
57211,914
57212,914
57213,914
57218,914
57219,914
70805,271
70806,245
71658,226
71660,226
71661,226
71675,226
40068,40
40070,40
41247,128
41248,128
41251,128
41255,13
41255,4
57220,160
57230,160
57778,915
57784,160
57791,184
57792,181
57792,184
57792,915
72442,223
72444,223
72446,223
72452,222
72452,223
72452,250
72456,222
72456,542E
72456,545E
72458,222
72458,542E
72458,545E
61082,124
61870,187
62326,168
62328,168
62329,554E
62331,168
62332,168
62333,168
62337,269
63580,204
63580,630
63590,204
63590,630
63595,204
63595,630
63600,204
63600,630
63610,204
63610,630
63620,204
63620,630
63622,204
63622,630
63630,204
63640,204
63660,204
64448,208
65039,271
65042,271
65044,271
65048,271
65049,271
67014,212
67014,223
67014,226
67014,240
67014,245
67014,271
67014,989EN
67015,212
67015,223
67015,226
67015,240
67015,245
67015,271
67015,989EN
67019,212
67019,218
67019,554E
67019,556E
67019,989EN
67021,212
67021,240
67022,212
67022,240
67023,212
67023,240
68070,226
68871,250
68873,250
68875,250
68888,226
68889,226
68890,250
70040,231
70060,231
70070,231
70080,231
70090,231
70100,231
70110,231
99310,907
99312,907
99318,907
99320,907
99321,907
99919,599
99920,599
99997,973
74044,930
85669,271
74525,226
74530,255
74533,255
89990,331
89990,346
75304,981EN
75304,982EN
75304,986EN
75304,987EN
75304,988EN
75304,989EN
76031,931
76035,230
76036,230
98105,7
76044,239
76045,239
76058,239
76060,239
99294,168
99294,907
99296,907
99297,907
99908,975
76970,256
76970,522E
76977,256
76979,256
76990,931
78001,231
78001,256
78001,931
78002,231
78002,256
78002,931
78003,231
78003,256
78003,931
99913,599
99914,599
99915,599
99916,599
99917,599
99918,599
78044,629
78045,629
78046,629
78070,630
80189,156
81190,917
81194,917
81195,917
81199,181
81199,917
81200,181
81200,917
81201,184
81205,181
81205,915
81230,348
81548,225
81550,225
81552,225
81554,225
81564,225
81566,225
81568,225
81570,225
81572,225
81861,269
81870,269
81871,269
81880,269
81884,269
81981,331
81981,333
81982,331
81982,333
82772,331
82775,331
82776,331
82777,331
82778,331
82780,111
82788,240
84270,203
84270,226
84270,240
84280,111
84292,203
84292,226
84292,240
84292,550E
84292,556E
84309,240
73412,B
73418,250
73419,245
73420,250
73425,250
73430,222
73430,223
73430,250
99300,102
99300,907
99301,907
99303,907
74027,B
80766,153
80767,153
80768,F
80769,153
80772,153
80780,153
80780,161
80780,566E
81188,917
81532,225
81534,225
81536,225
81538,225
81540,225
81542,225
76021,239
81544,225
81546,225
81845,269
81846,203
81846,269
81847,269
81847,554E
81849,203
81849,269
81850,203
81850,269
81851,203
81851,269
81852,269
81853,203
81853,269
81854,269
84263,249
84263,550E
84263,556E
84264,203
84264,226
84264,240
84264,249
85640,240
85640,550E
85640,556E
76023,239
76024,239
76030,239
76870,322
76870,331
76870,372E
76870,522E
76870,981EN
76880,372E
76880,522E
76890,372E
82718,981E
82730,240
82749,240
82760,240
84068,931
74030,222
76900,372E
76900,522E
76910,372E
76925,230
76925,372E
80790,153
80790,161
80820,150
80820,162
80820,183
81178,917
81182,917
81186,917
74482,223
77998,522E
77999,231
77999,256
77999,522E
77999,931
78000,231
78000,256
78000,931
80150,161
80150,F
80151,161
80151,F
80152,161
80153,161
80154,161
80160,165
82106,331
82107,331
82810,240
84363,153
84364,153
84365,153
84366,153
84367,153
84368,153
84369,153
84370,153
84371,153
84372,153
84810,223
73530,222
73538,222
73539,222
73541,222
99382,907
99384,907
74071,255
74072,255
74073,255
74074,930
74075,255
74076,930
74077,255
74078,255
74079,255
74610,230
74610,231
74610,893N
74630,230
74630,231
74630,893N
99385,907
99386,907
99388,907
99390,907
99400,907
99410,907
99411,907
99412,907
99413,907
74640,230
74640,231
74640,893N
74650,230
74650,231
74650,893N
75402,372E
75402,45
75402,67
75403,372E
75403,45
75403,67
75404,372E
75404,45
75404,67
75405,372E
75405,45
75405,67
75406,372E
75406,45
75406,67
75407,44
75408,E
75409,E
75410,372E
75410,75
76086,230
76087,230
77055,222
77057,931
77059,931
77061,931
77063,222
77064,222
77065,222
77066,222
77067,222
77068,222
77069,222
77069,931
79214,150
79215,165
79226,165
79227,150
79228,150
80890,181
81245,365
81246,365
81248,365
81249,365
81252,333
81252,345
81252,346
81252,365
81254,333
81254,345
81254,346
81254,365
82104,331
82105,331
80320,156
80322,111
80862,181
81232,348
81234,348
81236,348
81242,365
81243,348
81574,225
81576,225
81578,225
81580,225
81983,331
81983,333
81984,331
85730,240
85730,249
73493,222
73495,222
73525,222
91699,331
91710,331
74540,255
74550,255
74560,255
74570,255
74575,239
74575,245
74580,230
74580,231
74580,893N
74590,230
74590,231
74590,893N
74600,230
74600,231
74600,893N
75340,333
82789,240
82790,240
82791,240
82792,240
82793,240
82794,240
82795,240
82796,240
82797,240
82798,240
75350,333
75360,333
75370,333
75380,333
75390,333
75400,333
99322,907
99325,907
76081,230
76082,230
76083,230
76084,230
76085,230
76996,931
77010,931
77020,931
77030,931
77041,931
77050,931
77053,222
84351,153
84351,161
84352,153
84352,161
84353,153
84353,161
84354,153
84356,153
84357,153
84358,153
84359,153
84362,153
79213,150
80240,156
80250,156
80260,156
80270,156
80280,156
80290,156
80300,156
80310,156
99330,907
99350,907
99360,907
99364,907
99380,907
79243,150
79243,162
79243,183
79247,165
79247,566E
79248,150
79248,162
79248,183
79248,914
79296,372E
79296,522E
80932,184
81294,981EN
81294,982EN
81294,986EN
81294,987EN
81294,988EN
81294,989EN
81299,333
81301,333
81301,345
81301,346
81301,365
81301,65
81301,988E
81302,333
81302,345
81302,346
81302,365
81637,249
82155,67
82160,65
82165,67
82167,67
82175,67
82185,67
83520,901
83540,901
83560,901
83580,901
83590,901
83595,901
83610,901
83620,901
84832,226
85793,629
85794,629
85796,208
85799,629
85800,331
85810,331
73560,222
73562,222
73570,222
73590,222
73600,222
73602,222
99428,907
99429,907
99430,907
99431,907
99432,907
99434,907
99436,907
73620,222
73623,222
73625,222
74101,930
99437,907
74102,930
74103,930
74104,930
74729,225
74729,239
74731,225
74731,255
74731,893N
74731,930
74733,225
74733,239
74734,255
74734,893N
74735,225
74735,930
75510,331
75520,331
75530,331
75540,331
75549,331
75549,348
75565,348
76125,931
76128,931
76132,931
76133,931
77086,931
77087,931
77090,522E
77090,931
77093,522E
77093,931
77100,931
77112,931
77114,931
77116,931
73554,222
74081,255
74710,239
74711,239
74714,225
74714,239
74721,225
74721,256
74721,930
74722,930
74723,930
74724,930
75414,372E
75414,75
75415,372E
75415,75
75417,372E
75417,75
75418,372E
75418,75
75430,333
75430,5
75450,333
75450,5
75460,333
75460,5
76113,931
76114,931
76120,931
76121,931
76123,931
76124,931
77071,931
77072,931
77073,931
77074,224
77074,931
77075,222
77075,931
77080,931
79229,150
79234,150
79236,150
79237,150
79238,150
79239,150
79240,150
80380,203
80380,240
80390,203
80390,240
80400,203
80400,240
80412,203
80412,240
80414,893
82120,65
82126,79
82127,79
82128,79
82129,79
82130,65
82140,65
82145,67
82854,256
82878,256
83501,901
84820,223
84821,226
84822,226
84824,226
84825,226
84826,226
84827,226
84828,226
84829,226
84830,223
84831,226
85770,249
85781,208
85782,208
85785,629
85791,208
85792,208
85792,629
99414,907
99416,907
99417,907
99418,907
99420,907
99421,907
99422,907
99423,907
99424,907
73544,222
73548,222
73549,222
73552,222
99460,907
99470,907
99474,915
99476,915
99477,915
74142,222
74146,222
74147,222
74151,222
74152,222
74766,239
74768,239
74772,239
75670,348N
75700,E
76228,230
76228,522E
76228,931
76234,230
76234,931
79555,101
79555,102
79560,101
79560,102
79561,124
79561,60
79562,124
79569,124
79569,60
79570,101
79570,102
79580,101
79580,102
79590,101
79590,102
79595,101
79595,102
79600,101
79600,102
79610,101
79610,102
79610,107
80458,177
80458,183
80458,193E
80462,177
80462,183
80462,193E
80464,183
80468,901
80470,901
80472,901
80474,901
80977,184
80978,184
80982,184
81321,348
81322,348
81326,348
81665,269
81665,554E
81668,269
81670,269
81672,269
82227,67
82230,65
82235,67
82237,67
82247,67
82250,65
83663,181
83664,181
83665,181
83666,181
83701,181
83701,187
83702,181
83702,187
83703,181
83703,187
83704,181
83704,187
85062,113
85064,113
85066,113
85067,113
85070,113
85090,113
85100,113
98750,250
98750,930
82205,67
82207,67
82216,67
83630,901
83640,901
83641,901
83650,901
83651,901
83652,901
83656,183
83657,183
84940,223
84970,223
85040,255
85059,113
99441,907
73637,223
73637,224
73637,250
73638,223
73638,224
73638,250
73638,930
74122,222
74123,222
74124,222
74136,222
74137,222
74741,225
74741,239
74743,225
74743,239
74754,930
74756,930
74758,930
74760,239
74760,930
74762,239
75570,348
75580,348
75585,348
75592,348
75594,348
76214,230
76215,230
76216,230
76218,230
76220,230
76222,239
76222,372E
76222,522E
76224,230
76224,239
76224,372E
77197,331
77199,331
79520,101
79520,102
79520,107
79521,107
79522,107
79530,101
79530,102
79540,101
79540,102
80448,901
80450,901
80452,901
80454,183
80457,901
80966,184
80968,184
81305,365
81309,365
81311,348
81315,348
81316,365
82187,67
82195,67
82197,67
82198,322
82198,348
82198,61
82198,67
81364,322
81364,348
81364,61
81364,67
81367,322
81367,61
81368,348
81692,208
81692,271
81703,269
81704,208
81704,271
82279,79
82280,331
82300,331
82310,331
83751,177
83751,193E
83752,177
83752,193E
83760,181
83760,187
83770,181
83770,187
83781,181
83781,187
83782,181
83782,187
83783,181
83783,187
83784,181
83784,187
85203,22
85205,22
85210,113
85210,22
85220,113
85220,22
85230,113
85230,22
85855,153
85855,161
73813,230
73813,231
73814,230
73814,231
73814,250
73814,255
73816,250
73816,255
73818,239
73818,245
73840,239
73840,250
73845,250
99550,600
99551,600
99552,600
99553,600
99554,600
99555,600
99556,600
99557,600
99558,600
99559,600
73847,250
73848,542E
73848,545E
73848,930
74202,239
74220,239
74220,930
74225,225
74225,255
74225,930
74226,225
74226,239
74226,255
74226,930
74230,255
74232,225
74232,239
74232,255
74232,893N
74232,930
74233,225
74234,225
74234,239
74234,930
74885,348
74886,348
74954,331
75756,303
75756,333
75760,E
75770,E
75780,E
75788,345
75789,345
75790,E
75800,E
75810,E
76305,230
76305,239
76305,372E
76305,522E
76305,931
76306,239
76306,372E
76308,239
76308,372E
76309,230
76310,230
76310,372E
76310,522E
76312,230
76315,239
76317,239
77460,333
77460,348
77480,348
77490,348
77500,348
77510,348
77520,348
77560,365
79862,212
79862,240
79864,212
79864,240
79868,203
79868,240
79871,271
79872,212
79872,240
79874,212
79874,240
79877,271
79878,212
79878,240
80496,224
80496,250
80497,271
80501,225
81361,348
76299,230
76299,522E
76299,931
76300,372E
76301,230
76301,239
76301,372E
76302,372E
76302,522E
77390,331
77391,331
77392,331
77400,333
77410,333
77418,333
77440,333
80476,901
80477,901
80480,208
80484,208
80485,554E
80486,208
80486,271
80488,208
81674,269
81677,269
81677,554E
81678,269
81680,269
81681,269
81684,269
81684,554E
81685,269
81685,554E
81687,269
81687,554E
82260,65
82266,79
82273,79
82275,79
82276,79
83706,181
83706,187
83707,181
83707,187
83708,181
83708,187
83709,181
83709,187
83711,181
83711,187
83716,181
83716,187
83720,181
83720,187
85110,113
85120,113
85130,113
85140,113
85150,113
85160,113
85170,113
85180,113
85190,113
85200,113
85851,153
85851,161
85853,153
85853,161
73757,542E
73757,545E
73757,930
73757,B
99478,915
99479,915
99481,915
99482,915
99483,168
73758,542E
73758,545E
73758,930
73812,230
73812,231
74154,222
74161,239
99497,907
74162,222
74163,222
74180,239
74190,239
74785,348
74850,348
74870,348
74871,348
74880,348
75730,E
75732,348
75734,348
75740,E
75750,E
75751,333
75752,333
75754,333
76298,239
77734,333
79960,156
79970,156
79972,F
79973,F
79980,156
79983,156
80002,165
75884,333
75886,333
75889,333
75890,E
75901,E
75902,348
75906,348
76390,322
76390,331
76390,372E
76390,522E
76420,322
76420,331
76420,372E
76420,522E
76490,331
77615,345
77616,333
77616,345
77616,346
77616,365
77617,345
77619,345
77630,348
77650,348
79933,893
80518,225
80519,225
81100,181
81100,915
81103,917
81402,239
81404,239
81408,239
81410,239
81412,239
81418,239
81420,239
81728,269
81731,269
81733,269
81735,269
81737,269
81737,554E
81738,269
81739,269
82425,208
82425,629
73922,225
73922,895E
73923,225
73924,225
73925,225
85300,225
85310,225
85320,225
85330,225
85340,225
85350,225
85386,208
73926,225
73945,250
74344,239
74346,239
74347,239
74348,239
74352,239
85388,208
85392,629
85393,629
85890,183
85892,183
74370,230
74370,231
74370,893N
74380,230
74380,231
74380,893N
74390,230
74390,231
74390,893N
74395,255
74395,986E
75030,331
85894,183
96760,8
75909,348
75910,E
75932,E
99101,599
99572,600
99573,600
75949,231
76527,225
99589,599
99589,600
99590,599
99590,600
99591,599
99591,600
99592,599
99592,600
99593,599
99593,600
99594,599
99594,600
99595,599
99595,600
99596,599
99596,600
77720,348
77732,365
99560,600
99561,600
99562,600
99563,600
73852,250
73853,B
73854,930
99564,600
99565,600
99566,600
99567,600
99568,600
99569,600
99570,600
99571,600
74268,239
74270,239
74318,230
74318,231
74318,893N
74956,331
74960,331
74980,331
74980,348
74990,331
74990,348
75000,348
75005,348
75820,E
75830,E
75840,E
75850,E
75860,E
75870,E
75881,E
76330,372E
76340,372E
73867,930
73868,930
73872,B
76350,372E
76360,372E
76360,522E
76370,372E
76372,225
76372,322
76372,331
76372,372E
76372,522E
76374,225
76374,322
76374,331
76376,322N
76376,331N
76377,225
77570,365
77580,365
74342,239
75007,331
75007,348
75020,331
77609,345
77611,333
77611,345
77611,346
77611,365
77613,333
77613,345
77613,346
77613,365
79880,203
79880,240
79890,203
79890,240
79900,240
80505,893
80506,225
74320,230
74320,231
74320,893N
74321,239
74322,239
74324,239
74326,239
74327,239
74328,239
74331,239
74332,230
74332,231
74332,893N
74340,230
74340,231
74340,893N
80509,225
80510,225
80512,225
80514,225
80515,225
81399,348
81713,269
81714,269
81716,269
81718,269
81722,269
81724,269
81726,269
82320,331
82324,331
82326,331
82330,331
82332,331
82334,331
82335,331
83785,181
83785,187
83786,181
83786,187
83787,181
83787,187
83788,181
83788,187
83789,181
83789,187
85254,331
85254,333
85260,225
85270,225
85271,225
85280,225
85290,225
99260,599
99261,50
99263,101
99263,102
99263,150
99263,177
99263,50
99264,101
99264,102
99264,150
99264,177
99266,101
99266,102
99266,150
99266,177
99267,101
99267,102
99267,150
99267,177
73991,930
73992,930
74000,222
74001,930
74002,930
74003,930
74004,930
85531,187
85532,187
85914,183
85916,183
85918,183
74009,930
74443,249
74446,249
74446,250
74447,249
74447,250
74448,249
74448,250
74450,249
74450,250
74450,255
74450,981EN
74450,986EN
74451,249
74451,250
74452,249
74453,249
74453,250
85921,183
85922,183
85924,183
74455,249
74455,250
75120,333
75120,5
75135,333
75136,333
75137,333
75139,331
75139,333
75140,333
75140,5
75141,331
75142,331
75143,331
75143,333
99240,599
75992,231
75992,256
75992,522E
75992,931
75993,231
75993,931
75995,231
75995,256
75995,522E
75995,931
75997,256
75999,231
76000,256
76002,256
99252,101
99252,102
99252,150
99252,177
99252,50
99253,101
99253,102
99253,150
99253,177
99253,50
99254,101
99254,102
99254,150
99254,177
99256,599
99610,599
99610,600
76660,322
76660,372E
76660,522E
76680,322
76680,372E
76680,522E
76700,322
76700,372E
76700,522E
76700,61
76710,322
76710,372E
76710,522E
76710,61
76720,322
76720,372E
76720,522E
76720,61
76730,322
76730,372E
76730,522E
76730,61
76731,61
77790,365
77800,365
99746,231
99746,239
99747,231
99747,239
77810,365
77860,348
77880,348
77882,348
77890,333
77890,348
80021,165
80025,165
80031,165
80051,165
80061,165
80667,153
80668,153
80669,153
80680,150
80692,150
80700,150
80710,150
80710,193E
81144,917
81146,917
81775,269
81775,554E
81790,269
81791,269
81794,269
81800,269
81802,269
81810,269
82650,225
82660,225
82670,225
82671,230
82672,230
82673,230
82674,230
82675,230
82676,230
82677,230
82678,230
82679,230
84037,931
84038,931
84040,931
84051,931
85538,A
85539,182
85539,901
85539,903
85540,177
85540,183
85540,193E
85541,177
85541,183
85541,193E
85541,901
85541,A
85542,181
85542,187
85543,181
85942,183
85944,183
85946,183
85947,183
85948,183
85949,183
85950,183
85954,183
85956,183
80003,165
80565,271
80570,271
80571,271
80572,271
80580,150
80580,162
80580,183
80590,150
80590,162
80590,183
80600,150
80600,162
80600,183
80600,914
80610,160
80620,153
80620,161
81106,181
81106,917
81110,917
81114,917
81115,917
81117,917
81422,239
81424,239
81426,239
81428,239
81430,239
81432,239
81434,239
81741,269
73950,250
81743,269
81745,269
81749,269
81749,554E
81751,269
82429,331
82431,331
80630,153
80630,161
80640,153
80640,161
80640,566E
80642,153
80642,161
80650,153
82432,331
82433,331
82434,331
82480,225
82480,230
82490,225
82500,225
84001,931
84002,931
81132,917
84004,931
84005,931
84014,224
84014,250
84015,250
85394,629
85395,629
85410,203
85410,226
85410,240
75110,333
75110,5
75966,224
75972,224
75972,629
85450,255
85450,893N
85460,255
85896,183
85900,183
85902,183
81755,250
81755,269
81755,545E
81755,982EN
81760,269
85904,183
85906,183
85908,183
85910,183
85912,183
97137,333
97137,345
97137,346
97137,365
84024,931
84025,224
84025,931
84026,931
84028,931
84029,931
84031,931
84033,931
84034,931
84035,931
84036,931
85489,240
85489,249
99111,599
99121,599
75975,224
75975,629
75982,224
75982,931
75983,224
75983,931
76590,322
76590,372E
76595,322
76595,372E
76595,522E
76610,322
76610,372E
76610,522E
76620,322
76620,372E
99600,599
99600,600
99602,599
99602,600
99603,599
99603,600
99604,599
99604,600
99605,599
99605,600
99606,599
99606,600
99607,599
99607,600
82510,225
82520,225
82530,225
82540,225
82550,225
82620,225
82630,225
82640,225
99608,599
99608,600
99609,599
99609,600
73951,250
73952,250
73953,239
73953,250
73959,222
73960,222
73970,222
73990,222
74396,255
74400,255
76630,322
76630,372E
76630,522E
77737,333
77738,333
77739,333
77752,333
80663,153
80665,153
80666,153
81122,917
81126,917
81130,917
74410,255
74420,255
74430,255
74437,249
74437,250
74439,249
74440,255
74441,255
74442,255
75050,331
75060,331
77780,365
80004,165
80005,165
77942,331
77950,333
77960,333
77970,333
80121,161
80123,161
80124,161
99756,231
99756,239
99760,231
99760,239
80147,161
80720,150
80730,150
80742,150
80761,153
80761,F
80762,153
80763,153
80764,153
80765,153
81170,917
81172,917
81174,917
85630,240
85630,249
85958,183
85959,183
74011,930
74012,930
74013,930
74014,930
74016,930
74017,930
74019,930
74020,222
81820,269
81820,554E
81825,269
81837,203
81837,269
81838,203
81838,269
81840,269
81841,203
81841,269
81842,269
74460,255
74463,981E
75144,331
75144,333
75145,331
75145,333
75160,333
85960,183
85962,183
85964,183
85966,183
85970,183
85972,183
85974,183
85976,183
75170,333
75180,333
75190,333
75200,333
75210,333
99900,599
99903,599
99904,599
99905,599
76009,230
76009,931
76010,231
76012,931
76014,256
76014,522E
76750,322
76750,372E
76750,522E
76770,322
76770,372E
76770,522E
82680,225
82680,230
82681,230
82682,230
82683,230
82684,230
82685,230
82687,256
82700,239
82700,256
82700,981E
76790,322
76790,372E
76790,522E
76810,322
76810,372E
76810,522E
76820,322
76820,372E
76820,522E
76820,981EN
76830,322
76830,331
76830,372E
76840,322
76840,331
76840,372E
76840,522E
77910,333
77930,333
77939,333
77940,333
99271,101
99271,102
99271,150
99271,177
